model,pdb_id,chain_id,pos,wtAA,prAA,wt_prob,pred_prob,avg_log_ratio,prALA,prARG,prASN,prASP,prCYS,prGLN,prGLU,prGLY,prHIS,prILE,prLEU,prLYS,prMET,prPHE,prPRO,prSER,prTHR,prTRP,prTYR,prVAL
EnsResNet,1erm.fw2.sasa.cif,A,26,HIS,HIS,0.395023,0.395023,0.0,0.044737,0.009523,0.121837,0.058789,0.009546,0.017948,0.015485,0.000397,0.395023,0.00033,0.001481,0.013791,0.00227,0.026933,0.010925,0.181597,0.025182,0.014398,0.048397,0.001412
EnsResNet,1erm.fw2.sasa.cif,A,27,PRO,PRO,0.804725,0.804725,0.0,0.014262,0.012704,0.009492,0.007295,0.00068,0.008533,0.021333,5.6e-05,0.018959,0.005249,0.004338,0.02734,0.001418,0.00956,0.804725,0.012187,0.011329,0.008936,0.011827,0.009777
EnsResNet,1erm.fw2.sasa.cif,A,28,GLU,ALA,0.166704,0.419554,1.3315679,0.419554,0.020336,0.044108,0.059263,0.003394,0.074512,0.166704,0.00062,0.016767,0.001783,0.007362,0.028148,0.004498,0.003165,0.002937,0.119181,0.015336,0.001292,0.004512,0.006527
EnsResNet,1erm.fw2.sasa.cif,A,29,THR,THR,0.561594,0.561594,0.0,0.000122,0.014213,0.000915,1.6e-05,0.006792,0.004592,0.000232,0.0,0.000308,0.080351,0.004443,0.006536,0.001446,6e-06,0.0,0.000128,0.561594,2e-06,1.3e-05,0.318293
EnsResNet,1erm.fw2.sasa.cif,A,30,LEU,LEU,0.864798,0.864798,0.0,3.6e-05,0.005739,0.000184,1e-05,0.000873,0.00082,0.000134,0.0,0.000402,0.093021,0.864798,0.007482,0.017265,0.000295,2.4e-05,3.2e-05,0.001665,0.000191,0.000794,0.006237
EnsResNet,1erm.fw2.sasa.cif,A,31,VAL,LYS,0.025364,0.602228,4.5694556,0.0021,0.204286,0.00312,0.000583,0.000773,0.022252,0.004582,3e-06,0.010531,0.049719,0.040336,0.602228,0.010186,0.003951,0.001049,0.001493,0.012054,0.001755,0.003635,0.025364
EnsResNet,1erm.fw2.sasa.cif,A,32,LYS,LYS,0.679923,0.679923,0.0,0.000535,0.248457,6.4e-05,9e-06,0.000315,0.007669,0.000423,0.0,0.000324,0.008581,0.019871,0.679923,0.024446,0.000142,1e-06,6.1e-05,0.001428,0.000126,0.000189,0.007437
EnsResNet,1erm.fw2.sasa.cif,A,33,VAL,ILE,0.461945,0.536359,0.2154779,0.0,3e-06,0.0,0.0,7.1e-05,1e-06,0.0,0.0,0.0,0.536359,0.001382,1e-05,0.000155,3e-06,1e-06,0.0,6.4e-05,0.0,5e-06,0.461945
EnsResNet,1erm.fw2.sasa.cif,A,34,LYS,LYS,0.3398,0.3398,0.0,0.00318,0.091787,0.001041,0.000245,0.002182,0.02033,0.008885,2e-06,0.001698,0.19556,0.105223,0.3398,0.024208,0.002027,0.002441,0.001125,0.014605,0.000802,0.001511,0.183349
EnsResNet,1erm.fw2.sasa.cif,A,35,ASP,GLU,0.094369,0.545174,2.5303319,0.029903,0.013601,0.060339,0.094369,0.00052,0.119603,0.545174,4e-06,0.040447,0.003409,0.006957,0.016334,0.00143,0.003879,6.7e-05,0.023128,0.02261,0.001757,0.008598,0.007874
EnsResNet,1erm.fw2.sasa.cif,A,36,ALA,ALA,0.984794,0.984794,0.0,0.984794,0.000358,5.1e-05,1.6e-05,0.005414,0.000292,0.000131,0.0,5.1e-05,6.9e-05,0.0003,0.000293,0.001115,8.6e-05,0.00055,0.004517,0.000664,3.3e-05,0.000153,0.001113
EnsResNet,1erm.fw2.sasa.cif,A,37,GLU,GLU,0.983365,0.983365,0.0,0.000778,1.3e-05,0.000184,0.001288,2.1e-05,0.01321,0.983365,0.0,3.7e-05,6e-06,6.1e-05,9e-06,2.8e-05,5e-06,2e-06,0.000472,0.000465,2e-06,4e-06,5e-05
EnsResNet,1erm.fw2.sasa.cif,A,38,ASP,ASP,0.519591,0.519591,0.0,0.005892,0.000837,0.059513,0.519591,0.000159,0.025847,0.358915,1e-06,0.003711,0.000116,0.000711,0.001058,0.000148,8.8e-05,1.8e-05,0.016817,0.005921,5e-05,0.000224,0.000383
EnsResNet,1erm.fw2.sasa.cif,A,39,GLN,GLN,0.320084,0.320084,0.0,0.065766,0.039294,0.060361,0.038319,0.001147,0.320084,0.286821,1e-06,0.049391,0.003561,0.008608,0.041416,0.003633,0.002726,2.7e-05,0.034628,0.029815,0.001082,0.003732,0.009588
EnsResNet,1erm.fw2.sasa.cif,A,40,LEU,LEU,0.994834,0.994834,0.0,2e-06,5e-06,0.0,0.0,9e-06,3e-06,0.0,0.0,1e-06,0.000678,0.994834,1e-05,0.004246,6.1e-05,1e-06,0.0,7e-06,1.5e-05,4e-06,0.000124
EnsResNet,1erm.fw2.sasa.cif,A,41,GLY,GLY,0.999998,0.999998,0.0,0.0,0.0,0.0,0.0,0.0,0.0,0.0,0.999998,0.0,0.0,0.0,0.0,1e-06,0.0,0.0,0.0,0.0,0.0,0.0,0.0
EnsResNet,1erm.fw2.sasa.cif,A,42,ALA,ALA,0.660768,0.660768,0.0,0.660768,3.9e-05,0.001188,0.000818,0.006421,0.000444,0.00083,6e-06,0.000271,4e-06,8e-06,2.7e-05,3.7e-05,1.3e-05,7.2e-05,0.32191,0.007006,1.9e-05,2e-05,1e-04
EnsResNet,1erm.fw2.sasa.cif,A,43,ARG,LYS,0.271773,0.469065,0.7873857,0.007785,0.271773,0.02242,0.005417,0.001785,0.036952,0.011118,8.5e-05,0.035659,0.012497,0.019907,0.469065,0.015268,0.007367,0.008955,0.01294,0.036434,0.004114,0.009123,0.011337
EnsResNet,1erm.fw2.sasa.cif,A,44,VAL,VAL,0.786539,0.786539,0.0,0.000257,0.000144,0.0,0.0,0.000534,1.2e-05,1e-06,0.0,5e-06,0.171104,0.022228,0.000174,0.014553,0.000786,0.000199,5e-06,0.001755,0.001165,0.000538,0.786539
EnsResNet,1erm.fw2.sasa.cif,A,45,GLY,GLY,1.0,1.0,0.0,0.0,0.0,0.0,0.0,0.0,0.0,0.0,1.0,0.0,0.0,0.0,0.0,0.0,0.0,0.0,0.0,0.0,0.0,0.0,0.0
EnsResNet,1erm.fw2.sasa.cif,A,46,TYR,TYR,0.52547,0.52547,0.0,4.5e-05,9.2e-05,1.2e-05,2e-06,1.2e-05,2.7e-05,1e-05,0.0,0.000935,7e-05,0.00062,5.5e-05,0.000911,0.453399,3.2e-05,1.4e-05,0.000116,0.018024,0.52547,0.000153
EnsResNet,1erm.fw2.sasa.cif,A,47,ILE,ILE,0.851791,0.851791,0.0,1.5e-05,8.1e-05,7e-06,0.0,0.00035,5.5e-05,9e-06,0.0,1.2e-05,0.851791,0.029354,0.000222,0.001978,3.1e-05,5e-06,2e-06,0.000586,7e-06,8e-05,0.115417
EnsResNet,1erm.fw2.sasa.cif,A,48,GLU,GLU,0.978962,0.978962,0.0,0.00037,2.3e-05,0.000623,0.003185,1.5e-05,0.015027,0.978962,0.0,0.00017,3.3e-05,7.3e-05,2.5e-05,1e-05,4e-06,3e-06,0.000489,0.00084,1e-06,6e-06,0.000141
EnsResNet,1erm.fw2.sasa.cif,A,49,LEU,LEU,0.862892,0.862892,0.0,9e-06,0.000118,0.0,0.0,0.000638,3e-06,0.0,0.0,0.0,0.025151,0.862892,0.000498,0.004844,1e-06,2e-06,0.0,0.000946,0.0,7e-06,0.10489
EnsResNet,1erm.fw2.sasa.cif,A,50,ASP,ASP,0.856802,0.856802,0.0,0.000746,7.3e-05,0.104203,0.856802,6.7e-05,0.001769,0.030222,5e-06,0.000547,4e-06,2.5e-05,6.6e-05,1.1e-05,1.1e-05,1.4e-05,0.004687,0.000699,7e-06,1.5e-05,2.9e-05
EnsResNet,1erm.fw2.sasa.cif,A,51,LEU,LEU,0.974421,0.974421,0.0,0.000223,0.000517,3.4e-05,9e-06,0.00019,0.000202,5.6e-05,0.0,0.00023,0.004286,0.974421,0.000842,0.014121,0.001785,5.2e-05,3e-05,0.000186,0.000225,0.001208,0.001383
EnsResNet,1erm.fw2.sasa.cif,A,52,ASN,LYS,0.018057,0.309555,4.0995655,0.022713,0.18761,0.018057,0.008564,0.000663,0.045758,0.037773,3.8e-05,0.087448,0.024074,0.027811,0.309555,0.006131,0.051478,0.0045,0.016048,0.039939,0.01871,0.059611,0.03352
EnsResNet,1erm.fw2.sasa.cif,A,53,SER,THR,0.26643,0.706289,1.4065021,0.000656,0.000116,0.009471,0.011329,0.000605,0.001182,0.003614,0.0,0.000137,2e-06,1.4e-05,0.000117,1.1e-05,0.0,2e-06,0.26643,0.706289,0.0,1e-06,2.1e-05
EnsResNet,1erm.fw2.sasa.cif,A,54,GLY,GLY,0.999999,0.999999,0.0,0.0,0.0,0.0,0.0,0.0,0.0,0.0,0.999999,0.0,0.0,0.0,0.0,0.0,0.0,0.0,0.0,0.0,0.0,0.0,0.0
EnsResNet,1erm.fw2.sasa.cif,A,55,LYS,LYS,0.50156,0.50156,0.0,0.055251,0.188284,0.007636,0.004426,0.001002,0.066598,0.044127,3.3e-05,0.008888,0.010108,0.021265,0.50156,0.008501,0.002748,0.003251,0.018635,0.033757,0.000683,0.002237,0.021008
EnsResNet,1erm.fw2.sasa.cif,A,56,ILE,ILE,0.678867,0.678867,0.0,6.4e-05,0.000649,0.000287,2e-05,0.000408,0.000938,0.000333,0.0,0.000339,0.678867,0.008976,0.001135,0.0008,0.00026,0.000119,0.000107,0.011854,9.5e-05,0.000438,0.294311
EnsResNet,1erm.fw2.sasa.cif,A,57,LEU,LEU,0.853227,0.853227,0.0,0.000139,0.012224,0.000106,1e-05,0.000693,0.000979,9.4e-05,0.0,0.000755,0.036507,0.853227,0.041874,0.042424,0.002934,0.000152,4.1e-05,0.00067,0.000869,0.001853,0.004449
EnsResNet,1erm.fw2.sasa.cif,A,58,GLU,GLU,0.402303,0.402303,0.0,0.292419,0.002974,0.006544,0.021094,0.002028,0.123655,0.402303,3.9e-05,0.002477,9.9e-05,0.00069,0.001746,0.001529,0.000258,0.001241,0.124242,0.014588,0.00031,0.000759,0.001005
EnsResNet,1erm.fw2.sasa.cif,A,59,SER,SER,0.424079,0.424079,0.0,0.266803,0.001528,0.060095,0.076396,0.007236,0.031251,0.073556,0.00026,0.035388,7e-05,0.000161,0.001515,0.000558,0.001224,0.00372,0.424079,0.014006,0.000492,0.001127,0.000534
EnsResNet,1erm.fw2.sasa.cif,A,60,PHE,TYR,0.32781,0.51664,0.6562996,0.000662,0.021397,0.000615,3e-05,0.000202,0.001797,0.00016,0.0,0.050322,0.000339,0.002892,0.013344,0.007919,0.32781,1e-06,0.000155,0.000721,0.054539,0.51664,0.000456
EnsResNet,1erm.fw2.sasa.cif,A,61,ARG,LYS,0.415955,0.573934,0.4644574,7.3e-05,0.415955,0.000116,6e-06,3.1e-05,0.001,1.4e-05,0.0,0.004568,4.5e-05,0.001156,0.573934,0.002339,0.00021,0.0,2.5e-05,2.8e-05,0.000315,0.000172,1.2e-05
EnsResNet,1erm.fw2.sasa.cif,A,62,PRO,PRO,0.574618,0.574618,0.0,0.294891,0.003081,0.002153,0.002065,0.00397,0.014279,0.039346,8.4e-05,0.001412,0.000277,0.000682,0.003736,0.001361,0.000529,0.574618,0.049462,0.004755,0.000439,0.000886,0.001972
EnsResNet,1erm.fw2.sasa.cif,A,63,GLU,HIS,0.052993,0.172232,1.7004795,0.007609,0.046844,0.139117,0.053644,0.003486,0.040295,0.052993,0.000176,0.172232,0.017629,0.021019,0.048592,0.006523,0.04563,0.001646,0.0442,0.156726,0.01942,0.095959,0.026258
EnsResNet,1erm.fw2.sasa.cif,A,64,GLU,GLU,0.978663,0.978663,0.0,0.00017,3e-06,0.000168,0.001061,2e-06,0.019569,0.978663,0.0,3.4e-05,1e-06,7.1e-05,4e-06,5e-06,1e-06,0.0,0.000106,0.000134,0.0,1e-06,4e-06
EnsResNet,1erm.fw2.sasa.cif,A,65,ARG,PRO,0.216206,0.325478,0.59015346,0.014805,0.216206,0.023518,0.004484,0.002256,0.043545,0.015162,0.000125,0.022892,0.008981,0.03233,0.191808,0.025122,0.008435,0.325478,0.011917,0.014236,0.018668,0.012655,0.007378
EnsResNet,1erm.fw2.sasa.cif,A,66,PHE,PHE,0.988242,0.988242,0.0,2e-06,1e-06,0.0,0.0,1e-06,1e-06,0.0,0.0,9.4e-05,5e-06,0.000278,2e-06,0.000399,0.988242,0.0,0.0,2e-06,0.000696,0.010274,3e-06
EnsResNet,1erm.fw2.sasa.cif,A,67,PRO,PRO,0.964812,0.964812,0.0,0.002396,0.001008,0.003136,0.000358,0.000691,0.002141,0.002574,1e-06,0.000498,0.000769,0.000138,0.001574,6.9e-05,4.2e-05,0.964812,0.004063,0.012557,1.4e-05,8.9e-05,0.003071
EnsResNet,1erm.fw2.sasa.cif,A,68,MET,ILE,0.259722,0.458736,0.8206959,0.000384,0.000997,6e-06,1e-06,0.000756,0.000234,4e-05,0.0,3.7e-05,0.458736,0.114228,0.001598,0.259722,0.001861,0.000822,2.8e-05,0.001248,0.001407,0.000949,0.156945
EnsResNet,1erm.fw2.sasa.cif,A,69,MET,LEU,0.40483,0.460357,0.18543684,0.000554,0.014955,0.000346,3e-05,0.01345,0.005344,0.000342,1e-06,0.000922,0.034035,0.460357,0.04189,0.40483,0.002578,0.001381,0.000217,0.006545,0.000576,0.001713,0.009934
EnsResNet,1erm.fw2.sasa.cif,A,70,SER,SER,0.66366,0.66366,0.0,0.32462,1.5e-05,0.002413,0.002085,0.003054,0.000236,0.000594,1.3e-05,0.000329,0.0,1e-06,1.1e-05,5e-06,3e-06,0.000278,0.66366,0.002659,8e-06,4e-06,1.1e-05
EnsResNet,1erm.fw2.sasa.cif,A,71,THR,THR,0.997036,0.997036,0.0,2.4e-05,1.6e-05,0.000164,6e-06,0.001267,0.000206,6.9e-05,0.0,2e-06,3.7e-05,0.000463,9e-06,3.8e-05,0.0,0.0,0.000172,0.997036,0.0,0.0,0.000493
EnsResNet,1erm.fw2.sasa.cif,A,72,PHE,TRP,0.26262,0.608676,1.2126977,1.6e-05,1.6e-05,3e-06,1e-06,9e-06,4e-06,1e-06,0.0,0.001191,1.8e-05,5.2e-05,1e-05,0.000224,0.26262,3e-05,7e-06,2.3e-05,0.608676,0.127033,6.6e-05
EnsResNet,1erm.fw2.sasa.cif,A,73,LYS,LYS,0.759017,0.759017,0.0,6.2e-05,0.110367,2.9e-05,1e-06,0.000107,0.000368,5e-06,0.0,0.008892,0.000243,0.004077,0.759017,0.021338,0.071004,0.0,5e-06,4.4e-05,0.002756,0.021643,4.4e-05
EnsResNet,1erm.fw2.sasa.cif,A,74,VAL,VAL,0.978672,0.978672,0.0,0.0002,3e-05,3e-06,0.0,0.001577,2.2e-05,8e-06,0.0,6e-06,0.010114,0.000164,3.5e-05,6.1e-05,3e-06,1.1e-05,1.1e-05,0.009072,1e-06,1e-05,0.978672
EnsResNet,1erm.fw2.sasa.cif,A,75,LEU,LEU,0.995199,0.995199,0.0,9e-06,2.4e-05,2.7e-05,4e-06,0.000144,7.6e-05,1.5e-05,0.0,4.5e-05,0.000777,0.995199,3.6e-05,0.003267,8e-05,1e-06,5e-06,0.000123,4e-06,2.3e-05,0.00014
EnsResNet,1erm.fw2.sasa.cif,A,76,LEU,LEU,0.999859,0.999859,0.0,0.0,0.0,0.0,0.0,1e-06,0.0,0.0,0.0,0.0,2.3e-05,0.999859,1e-06,0.000103,9e-06,0.0,0.0,1e-06,0.0,0.0,2e-06
EnsResNet,1erm.fw2.sasa.cif,A,77,CYS,CYS,0.890317,0.890317,0.0,0.105141,2.9e-05,2.5e-05,3e-06,0.890317,4.5e-05,1.3e-05,0.0,9.9e-05,3.2e-05,3e-05,3.6e-05,0.000141,2.1e-05,5.2e-05,0.00246,0.000835,1e-06,2.6e-05,0.000693
EnsResNet,1erm.fw2.sasa.cif,A,78,GLY,GLY,1.0,1.0,0.0,0.0,0.0,0.0,0.0,0.0,0.0,0.0,1.0,0.0,0.0,0.0,0.0,0.0,0.0,0.0,0.0,0.0,0.0,0.0,0.0
EnsResNet,1erm.fw2.sasa.cif,A,79,ALA,ALA,0.400345,0.400345,0.0,0.400345,0.054652,0.023622,0.00427,0.028121,0.107751,0.048039,4e-06,0.133372,0.000994,0.002517,0.056685,0.008128,0.009436,0.000105,0.068271,0.021504,0.002699,0.021315,0.00817
EnsResNet,1erm.fw2.sasa.cif,A,80,VAL,VAL,0.895874,0.895874,0.0,0.00029,0.000207,6e-06,0.0,0.001267,0.000128,2.9e-05,0.0,1.7e-05,0.093933,0.002524,0.000226,0.001263,3.5e-05,9e-06,1.5e-05,0.004065,2.1e-05,9e-05,0.895874
EnsResNet,1erm.fw2.sasa.cif,A,81,LEU,LEU,0.992555,0.992555,0.0,8e-06,2.6e-05,1.9e-05,1e-06,0.000133,7.4e-05,3e-06,0.0,2.5e-05,3.2e-05,0.992555,2.3e-05,0.007003,3.4e-05,0.0,5e-06,3.2e-05,1.3e-05,9e-06,5e-06
EnsResNet,1erm.fw2.sasa.cif,A,82,SER,GLU,0.048587,0.234251,2.269413,0.174165,0.025293,0.082861,0.040958,0.002,0.150755,0.234251,3e-06,0.160441,0.000752,0.003525,0.021817,0.00235,0.00957,2.6e-05,0.048587,0.011684,0.004456,0.023522,0.002984
EnsResNet,1erm.fw2.sasa.cif,A,83,ARG,ARG,0.650288,0.650288,0.0,0.000731,0.650288,0.000754,6.4e-05,0.000106,0.004155,0.000145,0.0,0.000808,0.000693,0.116696,0.20578,0.016393,0.000308,5e-06,0.000198,0.000325,0.001782,0.000587,0.000181
EnsResNet,1erm.fw2.sasa.cif,A,84,VAL,VAL,0.977128,0.977128,0.0,0.000803,0.000261,2.8e-05,1e-06,0.003672,0.000146,6.4e-05,0.0,0.000125,0.012438,0.000176,0.00027,0.00014,4.4e-05,1.7e-05,6.5e-05,0.004429,2.4e-05,0.000168,0.977128
EnsResNet,1erm.fw2.sasa.cif,A,85,ASP,ASP,0.980756,0.980756,0.0,0.000455,7e-06,0.014366,0.980756,1.1e-05,0.000127,0.003013,0.000102,0.000192,0.0,3e-06,5e-06,2e-06,5e-06,2.3e-05,0.000862,3.9e-05,2.6e-05,4e-06,2e-06
EnsResNet,1erm.fw2.sasa.cif,A,86,ALA,LYS,0.08515,0.39702,2.2211332,0.08515,0.271091,0.059494,0.008735,0.003842,0.06154,0.016395,7.4e-05,0.015745,0.001291,0.031894,0.39702,0.014629,0.003349,4e-05,0.018816,0.004918,0.001088,0.003405,0.001483
EnsResNet,1erm.fw2.sasa.cif,A,87,GLY,GLY,0.999998,0.999998,0.0,0.0,0.0,0.0,0.0,0.0,0.0,0.0,0.999998,0.0,0.0,0.0,0.0,1e-06,0.0,0.0,0.0,0.0,0.0,0.0,0.0
EnsResNet,1erm.fw2.sasa.cif,A,88,GLN,GLN,0.204781,0.204781,0.0,0.043388,0.069901,0.033135,0.022907,0.002563,0.204781,0.199668,0.000113,0.016918,0.020217,0.093883,0.127173,0.019637,0.004487,0.001657,0.037545,0.069046,0.001218,0.004939,0.026824
EnsResNet,1erm.fw2.sasa.cif,A,89,GLU,GLU,0.938952,0.938952,0.0,0.005004,0.000169,0.001322,0.005523,9.8e-05,0.043465,0.938952,0.0,0.000397,2.4e-05,0.000207,0.000155,0.000128,2.9e-05,7.1e-05,0.003462,0.000805,1.2e-05,3.7e-05,0.00014
EnsResNet,1erm.fw2.sasa.cif,A,90,GLN,LYS,0.070696,0.292017,2.046352,0.05296,0.114998,0.034752,0.021034,0.003251,0.070696,0.057484,0.001257,0.046411,0.022596,0.054865,0.292017,0.025623,0.01916,0.023271,0.053577,0.05638,0.006627,0.015768,0.027272
EnsResNet,1erm.fw2.sasa.cif,A,91,LEU,LEU,0.994315,0.994315,0.0,9.4e-05,2.7e-05,2.6e-05,2.7e-05,5.4e-05,0.000138,0.000112,0.0,3.3e-05,0.000275,0.994315,4.8e-05,0.004234,0.00032,4.6e-05,2.4e-05,7.2e-05,1.6e-05,2.9e-05,0.00011
EnsResNet,1erm.fw2.sasa.cif,A,92,GLY,GLY,0.999997,0.999997,0.0,0.0,0.0,0.0,0.0,0.0,0.0,0.0,0.999997,0.0,0.0,0.0,0.0,2e-06,0.0,0.0,0.0,0.0,0.0,0.0,0.0
EnsResNet,1erm.fw2.sasa.cif,A,93,ARG,ARG,0.441052,0.441052,0.0,0.008346,0.441052,0.01955,0.002442,0.000832,0.019,0.004382,2e-06,0.051471,0.001673,0.007402,0.416243,0.004105,0.00413,1e-05,0.004451,0.005034,0.0021,0.005849,0.001928
EnsResNet,1erm.fw2.sasa.cif,A,94,ARG,LYS,0.26081,0.362003,0.4730025,0.002703,0.26081,0.001827,0.000314,0.001332,0.040355,0.007971,2e-06,0.002419,0.072546,0.058206,0.362003,0.027003,0.001533,0.000615,0.002378,0.065603,0.001493,0.001325,0.089562
EnsResNet,1erm.fw2.sasa.cif,A,95,ILE,ILE,0.819992,0.819992,0.0,3.3e-05,0.000276,2.3e-05,1e-06,0.000324,0.000155,3.4e-05,0.0,5.9e-05,0.819992,0.131883,0.000326,0.006488,0.000182,6.8e-05,1.1e-05,0.000662,8.6e-05,0.000536,0.03886
EnsResNet,1erm.fw2.sasa.cif,A,96,HIS,LYS,0.017553,0.48613,4.7915525,0.005733,0.297166,0.005307,0.001417,0.000682,0.025936,0.007045,1.7e-05,0.017553,0.018216,0.057372,0.48613,0.016445,0.008963,0.003803,0.003813,0.013834,0.006379,0.013045,0.011145
EnsResNet,1erm.fw2.sasa.cif,A,97,TYR,PHE,0.227109,0.565949,1.3172873,0.0,7e-06,0.0,0.0,1e-06,0.0,0.0,0.0,0.000327,1e-06,1.1e-05,7e-06,6.6e-05,0.565949,3e-06,0.0,0.0,0.206515,0.227109,2e-06
EnsResNet,1erm.fw2.sasa.cif,A,98,SER,ASN,0.108148,0.560662,2.3741243,0.010383,0.009159,0.560662,0.163467,0.005066,0.014902,0.015291,0.000158,0.053696,0.000297,0.001403,0.010102,0.000964,0.001934,0.005348,0.108148,0.03436,0.000712,0.003134,0.000813
EnsResNet,1erm.fw2.sasa.cif,A,99,GLN,GLU,0.054002,0.272627,2.3358438,0.084298,0.035065,0.021329,0.042295,0.001677,0.054002,0.272627,0.000869,0.013299,0.020576,0.02895,0.089763,0.008649,0.005431,0.114064,0.075519,0.071777,0.001983,0.005153,0.052674
EnsResNet,1erm.fw2.sasa.cif,A,100,ASN,GLU,0.038511,0.293453,2.929787,0.098086,0.043884,0.038511,0.084797,0.00078,0.079466,0.293453,0.000127,0.012201,0.007706,0.012308,0.099888,0.002951,0.002284,0.005298,0.096655,0.095603,0.000595,0.002372,0.023034
EnsResNet,1erm.fw2.sasa.cif,A,101,ASP,ASP,0.307873,0.307873,0.0,0.038981,0.008612,0.302949,0.307873,0.002265,0.058179,0.088687,9.3e-05,0.066721,0.00048,0.002416,0.008941,0.001434,0.00236,0.000269,0.084074,0.020279,0.001001,0.002985,0.0014
EnsResNet,1erm.fw2.sasa.cif,A,102,LEU,LEU,0.970046,0.970046,0.0,6e-06,4.3e-05,2e-06,0.0,0.00012,1.6e-05,3e-06,0.0,1.3e-05,0.01405,0.970046,6.7e-05,0.01403,0.000197,4e-06,2e-06,7.4e-05,7.6e-05,8.6e-05,0.001165
EnsResNet,1erm.fw2.sasa.cif,A,103,VAL,VAL,0.789625,0.789625,0.0,0.000352,0.02084,2.7e-05,1e-06,0.001549,0.0008,0.000123,0.0,0.000453,0.09364,0.006767,0.073365,0.002256,0.000552,6.7e-05,7.1e-05,0.00902,0.000121,0.000369,0.789625
EnsResNet,1erm.fw2.sasa.cif,A,104,GLU,PRO,0.158816,0.387933,1.2884513,0.063103,0.016818,0.028511,0.115069,0.000589,0.024859,0.158816,0.000632,0.009205,0.006023,0.009665,0.046532,0.002579,0.002824,0.387933,0.076425,0.032973,0.001275,0.002581,0.013589
EnsResNet,1erm.fw2.sasa.cif,A,105,TYR,HIS,0.032988,0.484471,3.8763971,0.008681,0.013035,0.152275,0.037288,0.005455,0.028419,0.009592,9.8e-05,0.484471,0.00041,0.00194,0.007352,0.004574,0.034174,0.000591,0.076211,0.046189,0.054902,0.032988,0.001357
EnsResNet,1erm.fw2.sasa.cif,A,106,SER,SER,0.460254,0.460254,0.0,0.229183,0.00315,0.134329,0.037467,0.040715,0.016033,0.016084,0.000468,0.030515,7.7e-05,0.000144,0.001355,0.000554,0.000394,0.00923,0.460254,0.018283,0.00035,0.000847,0.000566
EnsResNet,1erm.fw2.sasa.cif,A,107,PRO,PRO,0.97217,0.97217,0.0,0.000253,0.001306,8.5e-05,1.2e-05,5.7e-05,0.000734,0.00022,0.0,0.000269,0.004303,0.012682,0.005128,0.000768,0.000381,0.97217,5.5e-05,0.000186,6.5e-05,0.000431,0.000895
EnsResNet,1erm.fw2.sasa.cif,A,108,VAL,VAL,0.634837,0.634837,0.0,0.000776,0.001297,6.3e-05,9e-06,0.001742,0.001417,0.000706,0.0,0.000116,0.326709,0.014453,0.001986,0.00825,0.000471,0.000143,0.000133,0.005988,0.000333,0.000572,0.634837
EnsResNet,1erm.fw2.sasa.cif,A,109,THR,THR,0.831726,0.831726,0.0,0.015253,0.000763,0.014687,0.002231,0.062813,0.009739,0.008797,1e-06,0.002032,0.000748,0.001123,0.000477,0.000866,4.8e-05,3.1e-05,0.039856,0.831726,1.1e-05,0.000122,0.008676
EnsResNet,1erm.fw2.sasa.cif,A,110,GLU,ALA,0.131035,0.246117,0.90939206,0.246117,0.091207,0.014764,0.007389,0.004768,0.146169,0.131035,9e-06,0.009785,0.001825,0.004756,0.114212,0.004499,0.000984,0.000656,0.116582,0.090114,0.000296,0.001649,0.013186
EnsResNet,1erm.fw2.sasa.cif,A,111,LYS,LYS,0.463608,0.463608,0.0,0.004595,0.157603,0.010673,0.001844,0.000939,0.060682,0.013129,3e-06,0.036955,0.021634,0.167675,0.463608,0.013773,0.009938,0.000325,0.003503,0.013523,0.003317,0.008548,0.007732
EnsResNet,1erm.fw2.sasa.cif,A,112,HIS,LYS,0.133341,0.29902,1.1651216,0.001683,0.291339,0.004039,0.000221,0.001931,0.00613,0.000633,0.0,0.133341,0.002403,0.017743,0.29902,0.023785,0.075349,8e-06,0.000651,0.001517,0.042537,0.096327,0.001343
EnsResNet,1erm.fw2.sasa.cif,A,113,LEU,LEU,0.910701,0.910701,0.0,0.000471,0.001558,0.000144,3.1e-05,0.000931,0.001225,0.000666,0.0,0.000114,0.033167,0.910701,0.002556,0.012099,0.000265,0.000867,0.000116,0.004585,5e-05,0.000232,0.030222
EnsResNet,1erm.fw2.sasa.cif,A,114,THR,THR,0.199854,0.199854,0.0,0.036481,0.076108,0.017763,0.016615,0.001149,0.087192,0.164406,4.8e-05,0.009792,0.032384,0.028862,0.16843,0.006355,0.002824,0.002001,0.045327,0.199854,0.000482,0.002677,0.101248
EnsResNet,1erm.fw2.sasa.cif,A,115,ASP,GLU,0.084109,0.307663,1.8710188,0.033847,0.03782,0.066602,0.084109,0.001622,0.088459,0.307663,0.000305,0.023818,0.02684,0.019754,0.056838,0.006137,0.00495,0.015279,0.061761,0.102608,0.002009,0.006243,0.053337
EnsResNet,1erm.fw2.sasa.cif,A,116,GLY,GLY,0.999906,0.999906,0.0,1.5e-05,1e-06,2.2e-05,3e-06,8e-06,1e-06,0.0,0.999906,5e-06,0.0,1e-06,3e-06,8e-06,1e-06,0.0,2.3e-05,1e-06,2e-06,0.0,0.0
EnsResNet,1erm.fw2.sasa.cif,A,117,MET,MET,0.826757,0.826757,0.0,4.1e-05,0.000296,2e-06,0.0,0.000279,2.6e-05,0.0,0.0,3e-06,0.000281,0.17156,0.000241,0.826757,0.000225,0.0,5e-06,4e-05,0.000107,0.000109,2.7e-05
EnsResNet,1erm.fw2.sasa.cif,A,118,THR,THR,0.993998,0.993998,0.0,3.1e-05,0.000438,0.000279,3.7e-05,0.000145,0.001112,0.000538,0.0,3e-05,8.2e-05,0.000295,0.000541,2.6e-05,0.0,1e-06,0.002019,0.993998,0.0,1e-06,0.000428
EnsResNet,1erm.fw2.sasa.cif,A,119,VAL,VAL,0.836747,0.836747,0.0,5e-06,0.000126,1.4e-05,0.0,0.000181,0.000123,3.3e-05,0.0,7e-06,0.153062,0.000186,0.000133,2.3e-05,0.0,1e-06,2e-06,0.009353,0.0,2e-06,0.836747
EnsResNet,1erm.fw2.sasa.cif,A,120,ARG,GLU,0.088135,0.217445,1.3028637,0.134669,0.088135,0.067348,0.031514,0.002738,0.139411,0.217445,1.8e-05,0.069786,0.002181,0.008383,0.132217,0.004365,0.008799,0.001455,0.047689,0.016259,0.003255,0.017162,0.007174
EnsResNet,1erm.fw2.sasa.cif,A,121,GLU,GLU,0.59074,0.59074,0.0,0.01616,0.000967,0.027937,0.256546,0.00014,0.074749,0.59074,2e-06,0.001743,4.7e-05,0.000283,0.001029,0.000114,2.8e-05,4.7e-05,0.024813,0.004382,1.8e-05,5.4e-05,0.000201
EnsResNet,1erm.fw2.sasa.cif,A,122,LEU,LEU,0.998121,0.998121,0.0,0.0,1e-06,0.0,0.0,8e-06,0.0,0.0,0.0,6e-06,6.4e-05,0.998121,3e-06,0.001495,0.000239,0.0,0.0,0.0,3e-06,5.4e-05,4e-06
EnsResNet,1erm.fw2.sasa.cif,A,123,CYS,CYS,0.979005,0.979005,0.0,0.003666,0.000366,0.000453,1.1e-05,0.979005,0.000275,3.8e-05,1e-06,0.000696,0.000569,0.000473,0.000281,0.005134,0.000136,2.2e-05,0.00058,0.005934,1e-05,0.000136,0.002213
EnsResNet,1erm.fw2.sasa.cif,A,124,SER,GLU,0.03868,0.573475,3.890071,0.050356,0.020558,0.015766,0.024895,0.000664,0.226752,0.573475,1e-06,0.002977,0.000553,0.001849,0.016029,0.001752,0.000215,4.5e-05,0.03868,0.022117,0.000228,0.000424,0.002664
EnsResNet,1erm.fw2.sasa.cif,A,125,ALA,ALA,0.98116,0.98116,0.0,0.98116,0.000118,0.000203,7.3e-05,0.003105,0.00018,0.000151,2e-06,0.000143,1e-05,2.6e-05,8.8e-05,0.000117,4.4e-05,0.000154,0.013838,0.000282,4.2e-05,7.1e-05,0.000194
EnsResNet,1erm.fw2.sasa.cif,A,126,ALA,ALA,0.918191,0.918191,0.0,0.918191,0.000815,0.000162,5.3e-05,0.045509,0.001334,0.000923,0.0,0.000284,0.000343,0.00062,0.000963,0.002363,0.000181,0.000905,0.010806,0.007461,3.2e-05,0.000414,0.008641
EnsResNet,1erm.fw2.sasa.cif,A,127,ILE,ILE,0.524103,0.524103,0.0,5e-06,2.6e-05,4e-06,0.0,0.000399,1.4e-05,2e-06,0.0,4e-06,0.524103,0.396281,4.4e-05,0.001772,8e-06,2e-06,1e-06,0.00102,2e-06,2.7e-05,0.076286
EnsResNet,1erm.fw2.sasa.cif,A,128,THR,THR,0.677344,0.677344,0.0,0.00479,0.073195,0.023771,0.001309,0.019732,0.099894,0.021124,0.0,0.002149,0.00197,0.006264,0.038298,0.004619,3.7e-05,1.6e-05,0.018247,0.677344,1.5e-05,6.8e-05,0.007159
EnsResNet,1erm.fw2.sasa.cif,A,129,MET,MET,0.266355,0.266355,0.0,0.008908,0.102498,0.003267,0.000538,0.005308,0.018367,0.00505,1.5e-05,0.011047,0.018588,0.234498,0.190622,0.266355,0.045364,0.000459,0.002707,0.007287,0.028297,0.041519,0.009307
EnsResNet,1erm.fw2.sasa.cif,A,130,SER,SER,0.465736,0.465736,0.0,0.454976,0.000535,0.031572,0.01933,0.006664,0.003732,0.005297,0.000226,0.005789,4e-06,8e-06,0.000269,5.9e-05,3.9e-05,0.002674,0.465736,0.002862,0.000107,7.7e-05,4.5e-05
EnsResNet,1erm.fw2.sasa.cif,A,131,ASP,ASP,0.992766,0.992766,0.0,3e-06,0.0,0.007118,0.992766,0.0,0.0,2.2e-05,0.0,2.2e-05,0.0,0.0,0.0,0.0,0.0,0.0,6.7e-05,0.0,1e-06,0.0,0.0
EnsResNet,1erm.fw2.sasa.cif,A,132,ASN,ASN,0.926283,0.926283,0.0,0.001704,0.001649,0.926283,0.041327,0.001205,0.008846,0.004007,4e-06,0.005751,3e-06,6.1e-05,0.000471,0.000116,1.4e-05,3e-06,0.008143,0.000377,1.1e-05,1.4e-05,1e-05
EnsResNet,1erm.fw2.sasa.cif,A,133,THR,THR,0.96525,0.96525,0.0,0.000132,0.000155,4.2e-05,2e-06,0.014721,0.000141,1e-05,0.0,5e-06,0.00076,0.00346,0.000122,0.000284,0.0,1e-06,6.6e-05,0.96525,0.0,2e-06,0.014848
EnsResNet,1erm.fw2.sasa.cif,A,134,ALA,ALA,0.979011,0.979011,0.0,0.979011,1.8e-05,8e-05,3.2e-05,0.000856,9.1e-05,9e-05,0.0,2.6e-05,2e-06,5e-06,1.2e-05,4.3e-05,1.2e-05,0.000149,0.019306,0.000196,1.1e-05,1e-05,4.8e-05
EnsResNet,1erm.fw2.sasa.cif,A,135,ALA,ALA,0.969118,0.969118,0.0,0.969118,3.4e-05,0.000139,8.1e-05,0.001312,0.000161,0.000221,1e-06,5e-05,7e-06,1.2e-05,2.4e-05,7e-05,2.7e-05,0.000769,0.027371,0.000428,2.8e-05,2.5e-05,0.000123
EnsResNet,1erm.fw2.sasa.cif,A,136,ASN,ASN,0.951519,0.951519,0.0,0.000449,0.011607,0.951519,0.027072,0.000369,0.00069,0.000289,5e-06,0.005018,1e-06,0.000174,0.001548,0.000118,2.2e-05,0.0,0.000966,4.3e-05,8.2e-05,2.3e-05,4e-06
EnsResNet,1erm.fw2.sasa.cif,A,137,LEU,LEU,0.985626,0.985626,0.0,2e-06,5.7e-05,1e-06,0.0,7.5e-05,4e-06,0.0,0.0,1.1e-05,0.000924,0.985626,0.000171,0.012688,0.000207,0.0,0.0,6e-06,3.9e-05,9.9e-05,8.9e-05
EnsResNet,1erm.fw2.sasa.cif,A,138,LEU,LEU,0.997305,0.997305,0.0,1e-06,2e-06,1e-06,0.0,2.7e-05,4e-06,1e-06,0.0,4e-06,0.00025,0.997305,5e-06,0.002327,3.4e-05,0.0,0.0,6e-06,2e-06,4e-06,2.8e-05
EnsResNet,1erm.fw2.sasa.cif,A,139,LEU,LEU,0.990852,0.990852,0.0,3e-06,3e-06,0.0,0.0,2.8e-05,1e-06,0.0,0.0,1e-06,0.000192,0.990852,8e-06,0.008808,4.3e-05,0.0,0.0,2e-06,2e-06,6e-06,5.1e-05
EnsResNet,1erm.fw2.sasa.cif,A,140,THR,LYS,0.078921,0.371692,2.2356267,0.069767,0.203704,0.014012,0.003795,0.005066,0.074141,0.036335,1e-05,0.015054,0.010718,0.024663,0.371692,0.010894,0.003397,0.000225,0.033375,0.078921,0.001003,0.002776,0.04045
EnsResNet,1erm.fw2.sasa.cif,A,141,THR,ALA,0.216261,0.244673,0.1780814,0.244673,0.026439,0.018978,0.009218,0.012575,0.144879,0.099005,2.1e-05,0.014148,0.003255,0.006833,0.01453,0.018121,0.004509,0.000238,0.129542,0.216261,0.002986,0.005489,0.028299
EnsResNet,1erm.fw2.sasa.cif,A,142,ILE,ILE,0.977154,0.977154,0.0,0.0,3e-06,0.0,0.0,2.3e-05,1e-06,0.0,0.0,3e-06,0.977154,0.006954,5e-06,0.000346,2.8e-05,1e-06,0.0,2.7e-05,4e-06,4.1e-05,0.015408
EnsResNet,1erm.fw2.sasa.cif,A,143,GLY,GLY,0.999996,0.999996,0.0,0.0,0.0,0.0,0.0,0.0,0.0,0.0,0.999996,0.0,0.0,0.0,0.0,2e-06,0.0,1e-06,0.0,0.0,0.0,0.0,0.0
EnsResNet,1erm.fw2.sasa.cif,A,144,GLY,GLY,1.0,1.0,0.0,0.0,0.0,0.0,0.0,0.0,0.0,0.0,1.0,0.0,0.0,0.0,0.0,0.0,0.0,0.0,0.0,0.0,0.0,0.0,0.0
EnsResNet,1erm.fw2.sasa.cif,A,145,PRO,PRO,0.998064,0.998064,0.0,0.000493,2.4e-05,8.7e-05,3e-06,0.000648,2.8e-05,7e-06,0.0,0.000155,7e-06,1e-06,2.7e-05,6e-06,1.7e-05,0.998064,0.000278,9.2e-05,1e-05,3.3e-05,2e-05
EnsResNet,1erm.fw2.sasa.cif,A,146,LYS,PRO,0.200929,0.301191,0.5839929,0.130907,0.057431,0.010365,0.018441,0.000756,0.053913,0.122524,0.000151,0.007195,0.005965,0.009791,0.200929,0.00343,0.002322,0.301191,0.035519,0.022301,0.000807,0.00194,0.014123
EnsResNet,1erm.fw2.sasa.cif,A,147,GLU,GLN,0.106361,0.192796,0.85810584,0.163927,0.123337,0.062907,0.015012,0.00671,0.192796,0.106361,2.9e-05,0.027149,0.001977,0.025266,0.186671,0.015078,0.003811,0.00015,0.043806,0.01419,0.000939,0.005726,0.004158
EnsResNet,1erm.fw2.sasa.cif,A,148,LEU,LEU,0.999739,0.999739,0.0,0.0,0.0,0.0,0.0,0.0,0.0,0.0,0.0,0.0,0.000107,0.999739,1e-06,9.7e-05,4.9e-05,0.0,0.0,0.0,0.0,2e-06,3e-06
EnsResNet,1erm.fw2.sasa.cif,A,149,THR,THR,0.846567,0.846567,0.0,0.00575,0.004774,0.009545,0.001899,0.002717,0.012251,0.006605,0.0,0.000975,4.4e-05,0.000148,0.002993,0.000158,3e-06,2e-06,0.10507,0.846567,1e-06,9e-06,0.000489
EnsResNet,1erm.fw2.sasa.cif,A,150,ALA,LYS,0.132979,0.304088,1.1932905,0.132979,0.144753,0.080518,0.032225,0.002162,0.095638,0.055597,0.000281,0.032603,0.002816,0.028805,0.304088,0.01005,0.009246,0.001166,0.040304,0.0129,0.002686,0.007111,0.004072
EnsResNet,1erm.fw2.sasa.cif,A,151,PHE,TRP,0.08397,0.789397,3.2328053,0.000313,0.000603,3.4e-05,7e-06,3.6e-05,0.000116,4.1e-05,0.0,0.001744,0.000272,0.000945,0.00024,0.001649,0.08397,1.6e-05,6.7e-05,0.000225,0.789397,0.119805,0.00052
EnsResNet,1erm.fw2.sasa.cif,A,152,LEU,LEU,0.996177,0.996177,0.0,1e-06,5e-06,0.0,0.0,9e-06,4e-06,1e-06,0.0,4e-06,0.000666,0.996177,1e-05,0.002867,0.000129,2e-06,0.0,7e-06,2.3e-05,7e-06,8.5e-05
EnsResNet,1erm.fw2.sasa.cif,A,153,HIS,TYR,0.088292,0.122161,0.46842915,0.025315,0.094125,0.040479,0.015215,0.00282,0.074317,0.085608,7.2e-05,0.088292,0.04001,0.070777,0.100917,0.017091,0.071748,0.00067,0.024183,0.061105,0.023699,0.122161,0.041394
EnsResNet,1erm.fw2.sasa.cif,A,154,ASN,ALA,0.14895,0.283633,0.92919725,0.283633,0.062882,0.14895,0.085822,0.002768,0.071238,0.069704,0.000979,0.017327,0.00126,0.012717,0.071303,0.005534,0.001916,0.000378,0.141807,0.016842,0.000673,0.001912,0.002355
EnsResNet,1erm.fw2.sasa.cif,A,155,MET,ILE,0.135711,0.624877,2.2030346,0.000196,0.012035,0.000363,1.2e-05,0.00176,0.000851,5.5e-05,0.0,0.000425,0.624877,0.156618,0.002332,0.135711,0.001095,6.5e-05,0.000168,0.006568,0.005619,0.002047,0.049202
EnsResNet,1erm.fw2.sasa.cif,A,156,GLY,GLY,0.999999,0.999999,0.0,0.0,0.0,0.0,0.0,0.0,0.0,0.0,0.999999,0.0,0.0,0.0,0.0,1e-06,0.0,0.0,0.0,0.0,0.0,0.0,0.0
EnsResNet,1erm.fw2.sasa.cif,A,157,ASP,ASP,0.987922,0.987922,0.0,9e-06,0.0,0.011745,0.987922,1e-06,3e-06,0.000218,4e-06,2.7e-05,0.0,0.0,0.0,0.0,0.0,0.0,6.8e-05,1e-06,1e-06,0.0,0.0
EnsResNet,1erm.fw2.sasa.cif,A,158,HIS,HIS,0.220672,0.220672,0.0,0.004142,0.042319,0.073342,0.02138,0.002485,0.031693,0.026705,5.1e-05,0.220672,0.019101,0.015633,0.076767,0.00504,0.075558,0.002194,0.036447,0.204087,0.015423,0.098234,0.028727
EnsResNet,1erm.fw2.sasa.cif,A,159,VAL,VAL,0.499399,0.499399,0.0,0.000532,0.005008,0.002027,0.000275,0.001076,0.006623,0.003877,0.0,0.000971,0.283876,0.013319,0.005626,0.001357,0.000311,8.8e-05,0.001311,0.17351,9.2e-05,0.000722,0.499399
EnsResNet,1erm.fw2.sasa.cif,A,160,THR,THR,0.986985,0.986985,0.0,0.000526,0.000184,0.000441,1.9e-05,0.007538,0.000683,8.8e-05,0.0,2.8e-05,0.000111,0.00042,6.3e-05,0.000142,0.0,2e-06,0.001065,0.986985,0.0,2e-06,0.001701
EnsResNet,1erm.fw2.sasa.cif,A,161,ARG,LYS,0.415031,0.470145,0.17988662,0.000683,0.415031,0.002016,0.000193,0.000293,0.026233,0.003146,0.0,0.002907,0.026261,0.005972,0.470145,0.003288,0.000154,3.3e-05,0.000778,0.01629,0.000121,0.00018,0.026274
EnsResNet,1erm.fw2.sasa.cif,A,162,LEU,MET,0.31876,0.436784,0.45444942,0.000202,0.004296,1.2e-05,1e-06,0.001847,0.000382,2.9e-05,0.0,7.7e-05,0.159717,0.31876,0.009863,0.436784,0.001127,0.002212,2.4e-05,0.001909,0.000696,0.000787,0.061276
EnsResNet,1erm.fw2.sasa.cif,A,163,ASP,ASP,0.98965,0.98965,0.0,5.7e-05,1e-06,0.009249,0.98965,3e-06,1e-05,0.000441,5e-06,8.9e-05,0.0,0.0,0.0,0.0,1e-06,2e-06,0.000473,1.4e-05,4e-06,1e-06,0.0
EnsResNet,1erm.fw2.sasa.cif,A,164,ARG,ARG,0.577417,0.577417,0.0,0.000309,0.577417,0.000717,6.9e-05,7.9e-05,0.002877,0.000102,0.0,0.001639,0.000241,0.011992,0.397989,0.005144,0.000216,2e-06,0.000205,0.000316,0.000426,0.00019,6.9e-05
EnsResNet,1erm.fw2.sasa.cif,A,165,TRP,ARG,0.070361,0.330981,2.2339003,0.002548,0.330981,0.00316,0.000562,0.00138,0.007161,0.001672,1.1e-05,0.052304,0.031272,0.010147,0.312266,0.009737,0.047619,0.003563,0.002606,0.023136,0.070361,0.048457,0.041057
EnsResNet,1erm.fw2.sasa.cif,A,166,GLU,GLU,0.767683,0.767683,0.0,0.003831,0.000813,0.011467,0.005941,0.000926,0.18407,0.767683,0.0,0.001623,0.000294,0.00025,0.00035,0.000419,1.8e-05,5e-06,0.007653,0.012839,1.2e-05,5.4e-05,0.001751
EnsResNet,1erm.fw2.sasa.cif,A,167,PRO,PRO,0.982487,0.982487,0.0,0.003249,0.000539,0.002871,0.000567,0.000536,0.000978,0.000798,7e-06,0.001029,0.000242,0.00014,0.000392,0.00015,0.000243,0.982487,0.002877,0.001837,0.00018,0.000443,0.000437
EnsResNet,1erm.fw2.sasa.cif,A,168,GLU,GLU,0.343772,0.343772,0.0,0.17227,0.024535,0.034726,0.134961,0.000592,0.073799,0.343772,0.000536,0.017246,0.004649,0.013616,0.058185,0.002985,0.005102,0.023633,0.050847,0.019042,0.001825,0.004967,0.012712
EnsResNet,1erm.fw2.sasa.cif,A,169,LEU,LEU,0.36794,0.36794,0.0,0.000552,0.015985,0.000502,1.9e-05,0.004308,0.000831,0.000117,0.0,0.031172,0.010228,0.36794,0.006517,0.189306,0.102557,0.00028,0.000126,0.000472,0.076234,0.191237,0.001616
EnsResNet,1erm.fw2.sasa.cif,A,170,ASN,ASN,0.902919,0.902919,0.0,0.000538,0.001086,0.902919,0.013775,0.006528,0.006188,0.005003,0.0,0.013467,0.00017,0.000104,0.000203,0.000138,2.3e-05,0.0,0.010915,0.038254,1.7e-05,5.7e-05,0.000615
EnsResNet,1erm.fw2.sasa.cif,A,171,GLU,ASP,0.119944,0.443268,1.8858182,0.073495,0.003035,0.108996,0.443268,0.00366,0.024226,0.119944,0.001383,0.015937,0.000435,0.001687,0.003408,0.001193,0.000964,0.002307,0.169187,0.023168,0.000732,0.001578,0.001397
EnsResNet,1erm.fw2.sasa.cif,A,172,ALA,ALA,0.488363,0.488363,0.0,0.488363,0.00199,0.024302,0.010166,0.113615,0.009149,0.01059,0.001384,0.023286,0.00026,0.000577,0.001521,0.001491,0.00174,0.012312,0.278302,0.013405,0.002522,0.003311,0.001712
EnsResNet,1erm.fw2.sasa.cif,A,173,ILE,ILE,0.514331,0.514331,0.0,0.001279,0.019496,0.006867,0.001573,0.001166,0.019491,0.016687,2e-06,0.005598,0.514331,0.1212,0.028486,0.005091,0.00263,0.001453,0.003249,0.064446,0.000882,0.004809,0.181264
EnsResNet,1erm.fw2.sasa.cif,A,174,PRO,PRO,0.879178,0.879178,0.0,0.012637,0.004706,0.003866,0.005278,0.000382,0.00914,0.03226,2.6e-05,0.001607,0.004632,0.005808,0.012832,0.000855,0.000931,0.879178,0.008686,0.007972,0.000317,0.000814,0.008073
EnsResNet,1erm.fw2.sasa.cif,A,175,ASN,ASN,0.476114,0.476114,0.0,0.029908,0.037911,0.476114,0.173328,0.002823,0.050565,0.059663,0.000708,0.026859,0.001655,0.012605,0.053762,0.003525,0.003228,0.001248,0.045268,0.013911,0.000772,0.003044,0.003102
EnsResNet,1erm.fw2.sasa.cif,A,176,ASP,ASP,0.972206,0.972206,0.0,0.001001,2.1e-05,0.012891,0.972206,3.5e-05,0.000345,0.0094,0.000461,0.000187,3e-06,1.8e-05,1.8e-05,1e-05,1.5e-05,0.000382,0.002699,0.00025,3.2e-05,1e-05,1.5e-05
EnsResNet,1erm.fw2.sasa.cif,A,177,GLU,GLU,0.354039,0.354039,0.0,0.045187,0.026977,0.046938,0.070007,0.001778,0.150768,0.354039,0.000621,0.017388,0.007535,0.031523,0.055242,0.008132,0.003245,0.071808,0.054232,0.036156,0.001064,0.004314,0.013047
EnsResNet,1erm.fw2.sasa.cif,A,178,ARG,LYS,0.436522,0.488998,0.16377419,0.003753,0.436522,0.001642,0.000386,0.000403,0.007791,0.000814,2e-06,0.016799,0.000941,0.009967,0.488998,0.011777,0.004826,5.5e-05,0.00114,0.000827,0.007057,0.005738,0.000559
EnsResNet,1erm.fw2.sasa.cif,A,179,ASP,ASP,0.756354,0.756354,0.0,3e-05,4e-06,0.239604,0.756354,9e-06,3.8e-05,0.000274,3e-06,0.003017,0.0,1e-06,2e-06,1e-06,8e-06,1e-06,0.0006,2.6e-05,2e-05,6e-06,0.0
EnsResNet,1erm.fw2.sasa.cif,A,180,THR,THR,0.827406,0.827406,0.0,0.000339,8e-05,0.00128,0.00043,0.000326,0.00016,0.000108,0.0,3.1e-05,0.0,3e-06,6.5e-05,2e-06,0.0,1e-06,0.169765,0.827406,0.0,0.0,5e-06
EnsResNet,1erm.fw2.sasa.cif,A,181,THR,THR,0.630081,0.630081,0.0,0.00189,0.000396,0.000677,4e-06,0.356193,0.001019,2.4e-05,0.0,5.3e-05,0.000445,0.000985,6.1e-05,0.001723,1e-06,3.3e-05,0.000348,0.630081,0.0,4e-06,0.006063
EnsResNet,1erm.fw2.sasa.cif,A,182,MET,MET,0.227229,0.227229,0.0,0.002057,0.120549,0.000251,2.1e-05,0.076517,0.006375,0.000273,0.0,0.00033,0.013026,0.086623,0.221607,0.227229,0.000293,5.6e-05,0.000358,0.211379,0.000131,0.000281,0.032644
EnsResNet,1erm.fw2.sasa.cif,A,183,PRO,PRO,0.996137,0.996137,0.0,5.9e-05,6e-06,3e-06,0.0,0.002352,1e-05,1e-06,0.0,4e-06,0.000119,1.9e-05,1.1e-05,2.1e-05,2e-06,0.996137,8e-06,0.000646,0.0,7e-06,0.000593
EnsResNet,1erm.fw2.sasa.cif,A,184,ALA,VAL,0.018991,0.358829,4.2399087,0.018991,0.057453,0.010936,0.002943,0.004318,0.05115,0.074385,7e-06,0.040873,0.148403,0.01757,0.075603,0.011281,0.026034,0.001039,0.013091,0.044967,0.012732,0.029395,0.358829
EnsResNet,1erm.fw2.sasa.cif,A,185,ALA,ALA,0.458899,0.458899,0.0,0.458899,0.000725,0.015015,0.037059,0.011028,0.005872,0.019023,0.003337,0.004002,8.9e-05,0.000171,0.000644,0.000488,0.000335,0.055407,0.375656,0.010071,0.001258,0.000464,0.000458
EnsResNet,1erm.fw2.sasa.cif,A,186,MET,MET,0.935954,0.935954,0.0,0.000219,0.00568,6e-06,0.0,0.001034,0.000455,5e-06,0.0,0.00021,0.000425,0.028823,0.022127,0.935954,0.003373,0.0,7e-06,0.000248,0.00015,0.001123,0.000159
EnsResNet,1erm.fw2.sasa.cif,A,187,ALA,ALA,0.979006,0.979006,0.0,0.979006,2.8e-05,9.5e-05,3.4e-05,0.001478,0.000144,0.000138,0.0,4e-05,3e-06,1e-05,2.3e-05,7.1e-05,1.8e-05,0.000201,0.018409,0.000216,9e-06,1.4e-05,6.2e-05
EnsResNet,1erm.fw2.sasa.cif,A,188,THR,LYS,0.025602,0.306959,3.5837176,0.031531,0.158156,0.028158,0.008527,0.002503,0.127245,0.052202,1.9e-05,0.070414,0.01175,0.064023,0.306959,0.023033,0.027467,0.000771,0.020905,0.025602,0.010257,0.02074,0.009737
EnsResNet,1erm.fw2.sasa.cif,A,189,THR,THR,0.983773,0.983773,0.0,5.1e-05,0.000111,0.000281,4e-06,0.005125,0.000448,3.2e-05,0.0,1.1e-05,0.000499,0.000534,3.7e-05,7.6e-05,0.0,0.0,5.8e-05,0.983773,0.0,0.0,0.008959
EnsResNet,1erm.fw2.sasa.cif,A,190,LEU,LEU,0.976639,0.976639,0.0,4e-06,3.1e-05,0.0,0.0,5.4e-05,1e-06,0.0,0.0,0.0,0.007123,0.976639,5.4e-05,0.013716,4.9e-05,2e-06,0.0,3.4e-05,9e-06,1.9e-05,0.002262
EnsResNet,1erm.fw2.sasa.cif,A,191,ARG,ARG,0.472719,0.472719,0.0,0.003826,0.472719,0.003266,0.00038,0.001096,0.065773,0.002899,0.0,0.004637,0.00025,0.008394,0.421137,0.012718,0.000166,1e-06,0.00115,0.000938,0.000169,0.000308,0.000172
EnsResNet,1erm.fw2.sasa.cif,A,192,LYS,LYS,0.46555,0.46555,0.0,0.00094,0.309202,0.004119,0.000475,0.000234,0.020529,0.003217,0.0,0.007323,0.041406,0.109346,0.46555,0.005084,0.001356,1.7e-05,0.00078,0.01253,0.000828,0.002291,0.014773
EnsResNet,1erm.fw2.sasa.cif,A,193,LEU,LEU,0.860282,0.860282,0.0,2.7e-05,8e-06,0.0,0.0,0.000103,6e-06,1e-06,0.0,2e-06,0.001811,0.860282,1.7e-05,0.136663,0.000434,1e-06,2e-06,5.2e-05,0.000167,9.7e-05,0.000329
EnsResNet,1erm.fw2.sasa.cif,A,194,LEU,LEU,0.970005,0.970005,0.0,8e-06,1.9e-05,1e-06,0.0,7.6e-05,4e-06,1e-06,0.0,1.6e-05,0.003172,0.970005,3.1e-05,0.024986,0.000742,2e-06,1e-06,1.2e-05,0.000331,0.000308,0.000286
EnsResNet,1erm.fw2.sasa.cif,A,195,THR,LYS,0.1393,0.408098,1.5507203,0.003619,0.208019,0.002468,0.000289,0.011156,0.019639,0.003738,6e-06,0.002044,0.030739,0.071685,0.408098,0.040245,0.001022,0.00033,0.003072,0.1393,0.000389,0.000998,0.053145
EnsResNet,1erm.fw2.sasa.cif,A,196,GLY,GLY,0.999723,0.999723,0.0,3.9e-05,1e-06,5e-06,4e-06,7e-06,1e-06,2e-06,0.999723,7e-06,1e-06,9e-06,9e-06,5e-05,4e-06,9.4e-05,3.5e-05,6e-06,2e-06,0.0,2e-06
EnsResNet,1erm.fw2.sasa.cif,A,197,GLU,ASP,0.112725,0.196494,0.80167776,0.061961,0.024898,0.101511,0.196494,0.001488,0.04061,0.112725,0.002733,0.026291,0.004856,0.0144,0.06434,0.00616,0.005593,0.126504,0.135821,0.057037,0.001883,0.00601,0.008682
EnsResNet,1erm.fw2.sasa.cif,A,198,LEU,LEU,0.47561,0.47561,0.0,0.000157,0.002106,0.000157,2e-05,0.000305,0.000824,0.000275,0.0,0.001263,0.467398,0.47561,0.003382,0.00648,0.003929,9.7e-05,8.1e-05,0.002028,0.000512,0.008847,0.026531
EnsResNet,1erm.fw2.sasa.cif,A,199,LEU,LEU,0.999656,0.999656,0.0,0.0,2e-06,1e-06,0.0,1e-06,4e-06,0.0,0.0,4.1e-05,4.1e-05,0.999656,7e-06,0.000138,9.9e-05,0.0,0.0,2e-06,2e-06,4e-06,2e-06
EnsResNet,1erm.fw2.sasa.cif,A,200,THR,THR,0.585539,0.585539,0.0,0.008687,0.027064,0.034581,0.014457,0.003628,0.038191,0.034258,2.9e-05,0.011244,0.002202,0.00554,0.050861,0.00244,0.000424,0.000939,0.174678,0.585539,7.9e-05,0.000478,0.00468
EnsResNet,1erm.fw2.sasa.cif,A,201,LEU,GLU,0.006763,0.53253,6.2990556,0.068562,0.010303,0.023904,0.162057,0.000415,0.045444,0.53253,0.000186,0.01038,0.004593,0.006763,0.021452,0.001752,0.002202,0.014444,0.051084,0.025416,0.001009,0.00252,0.014984
EnsResNet,1erm.fw2.sasa.cif,A,202,ALA,GLU,0.217349,0.309956,0.5120501,0.217349,0.025917,0.028386,0.125718,0.000771,0.082285,0.309956,0.000561,0.009729,0.003603,0.008424,0.035968,0.00338,0.002125,0.016007,0.085272,0.029371,0.001126,0.002286,0.011764
EnsResNet,1erm.fw2.sasa.cif,A,203,SER,ALA,0.154473,0.751957,2.2832954,0.751957,0.00258,0.011982,0.005562,0.014454,0.006671,0.005878,0.00347,0.00579,0.000128,0.000344,0.001638,0.001638,0.000726,0.025422,0.154473,0.004027,0.001502,0.000991,0.000767
EnsResNet,1erm.fw2.sasa.cif,A,204,ARG,ARG,0.510813,0.510813,0.0,0.000118,0.510813,0.00049,1.5e-05,0.00056,0.023488,0.000464,0.0,0.001189,0.164562,0.004435,0.199762,0.008246,1.8e-05,0.0,6.9e-05,0.009336,4.4e-05,3.4e-05,0.076356
EnsResNet,1erm.fw2.sasa.cif,A,205,GLN,GLN,0.341772,0.341772,0.0,0.013191,0.080073,0.02231,0.00918,0.001412,0.341772,0.25833,1e-06,0.003867,0.001918,0.011159,0.10063,0.003303,0.000148,2.5e-05,0.034147,0.113526,5e-05,0.000309,0.00465
EnsResNet,1erm.fw2.sasa.cif,A,206,GLN,LEU,0.046685,0.454364,3.2828176,0.014827,0.111677,0.004704,0.001119,0.005261,0.046685,0.008723,1.8e-05,0.004525,0.022097,0.454364,0.09397,0.179803,0.005344,0.001178,0.005334,0.013782,0.006218,0.007908,0.012462
EnsResNet,1erm.fw2.sasa.cif,A,207,LEU,LEU,0.999441,0.999441,0.0,0.0,1e-06,0.0,0.0,2e-06,0.0,0.0,0.0,0.0,3.2e-05,0.999441,2e-06,0.000483,3e-05,0.0,0.0,0.0,0.0,2e-06,7e-06
EnsResNet,1erm.fw2.sasa.cif,A,208,ILE,LEU,0.278316,0.355941,0.35491425,0.005152,0.026477,0.001664,0.000341,0.005124,0.015677,0.005484,2e-06,0.002323,0.278316,0.355941,0.031566,0.099489,0.003908,0.001834,0.001864,0.022938,0.002524,0.005527,0.133848
EnsResNet,1erm.fw2.sasa.cif,A,209,ASP,ASN,0.387705,0.468596,0.2733853,0.040781,0.008905,0.468596,0.387705,0.000463,0.013822,0.028642,0.00033,0.008938,1e-04,0.001323,0.007936,0.00049,0.000466,5.4e-05,0.02743,0.0025,0.000721,0.000531,0.000267
EnsResNet,1erm.fw2.sasa.cif,A,210,TRP,LEU,0.024916,0.696811,4.805623,0.000198,0.012412,4.4e-05,2e-06,0.000362,0.000201,1.3e-05,0.0,0.001249,0.002765,0.696811,0.00804,0.212231,0.01529,3e-06,2.6e-05,7.2e-05,0.024916,0.025075,0.00029
EnsResNet,1erm.fw2.sasa.cif,A,211,MET,MET,0.982616,0.982616,0.0,2e-06,5e-06,0.0,0.0,2.8e-05,0.0,0.0,0.0,0.0,1.2e-05,0.017295,3e-06,0.982616,2.8e-05,0.0,0.0,4e-06,4e-06,2e-06,0.0
EnsResNet,1erm.fw2.sasa.cif,A,212,GLU,GLN,0.306268,0.367663,0.2635893,0.179183,0.020958,0.013106,0.00916,0.001035,0.367663,0.306268,0.0,0.003133,3.8e-05,0.000984,0.017924,0.000873,5.3e-05,6e-06,0.068536,0.010544,2.7e-05,0.0002,0.000308
EnsResNet,1erm.fw2.sasa.cif,A,213,ALA,GLN,0.110922,0.208153,0.90809876,0.110922,0.123252,0.13546,0.033278,0.003796,0.208153,0.072235,0.00011,0.022634,0.001207,0.026743,0.17857,0.010005,0.001911,0.000147,0.056159,0.01148,0.000585,0.001856,0.001496
EnsResNet,1erm.fw2.sasa.cif,A,215,LYS,LYS,0.607467,0.607467,0.0,0.010972,0.173993,0.007803,0.001458,0.002151,0.029935,0.005458,4.6e-05,0.008559,0.003638,0.092942,0.607467,0.035464,0.004538,0.000335,0.00392,0.003536,0.001231,0.004025,0.00253
EnsResNet,1erm.fw2.sasa.cif,A,216,VAL,ILE,0.185545,0.656306,1.8225996,8.3e-05,0.04126,0.00191,6.7e-05,0.001239,0.00432,0.000391,0.0,0.002562,0.656306,0.013597,0.073243,0.004033,0.000345,4.5e-05,0.000159,0.014461,0.000137,0.000298,0.185545
EnsResNet,1erm.fw2.sasa.cif,A,217,ALA,SER,0.373729,0.550937,0.5598948,0.373729,0.000635,0.018075,0.015927,0.00963,0.004339,0.006094,0.00031,0.00471,1.9e-05,6.4e-05,0.000453,0.000192,8.8e-05,0.001432,0.550937,0.012776,0.000204,0.000189,0.000197
EnsResNet,1erm.fw2.sasa.cif,A,218,GLY,GLY,0.999997,0.999997,0.0,0.0,0.0,0.0,0.0,0.0,0.0,0.0,0.999997,0.0,0.0,0.0,0.0,2e-06,0.0,0.0,0.0,0.0,0.0,0.0,0.0
EnsResNet,1erm.fw2.sasa.cif,A,219,PRO,PRO,0.798495,0.798495,0.0,0.0304,0.008675,0.006142,0.01878,0.000143,0.01687,0.06081,0.000115,0.001382,0.002462,0.006641,0.021623,0.00126,0.0006,0.798495,0.01407,0.006408,0.000178,0.000452,0.004493
EnsResNet,1erm.fw2.sasa.cif,A,220,LEU,LEU,0.997831,0.997831,0.0,1e-06,3e-06,0.0,0.0,9e-06,0.0,0.0,0.0,7e-06,9.1e-05,0.997831,4e-06,0.001646,0.000223,0.0,0.0,1e-06,9e-06,0.000167,9e-06
EnsResNet,1erm.fw2.sasa.cif,A,221,LEU,LEU,0.952648,0.952648,0.0,1.6e-05,5e-06,1e-06,0.0,0.000145,6e-06,2e-06,0.0,3e-06,0.005372,0.952648,8e-06,0.040314,0.00022,5e-06,2e-06,8.6e-05,6.1e-05,6.5e-05,0.001041
EnsResNet,1erm.fw2.sasa.cif,A,222,ARG,LYS,0.397933,0.560665,0.49461344,0.001794,0.397933,0.001233,0.000283,8.3e-05,0.013887,0.001539,0.0,0.007116,0.001701,0.006117,0.560665,0.002137,0.000501,0.000439,0.000712,0.001621,0.000565,0.000561,0.001113
EnsResNet,1erm.fw2.sasa.cif,A,223,SER,SER,0.737247,0.737247,0.0,0.104935,0.00363,0.038448,0.017648,0.019242,0.010428,0.011348,0.000128,0.005989,6.4e-05,0.00048,0.003951,0.000461,9.8e-05,0.000403,0.737247,0.045068,5.2e-05,0.000158,0.000219
EnsResNet,1erm.fw2.sasa.cif,A,224,ALA,ALA,0.431413,0.431413,0.0,0.431413,0.01259,0.01191,0.004136,0.166244,0.029341,0.032131,0.000424,0.051095,0.006044,0.007993,0.018103,0.015095,0.024184,0.009304,0.076632,0.028837,0.007116,0.028137,0.039274
EnsResNet,1erm.fw2.sasa.cif,A,225,LEU,LEU,0.864895,0.864895,0.0,7.5e-05,0.000866,3e-05,2e-06,0.00128,0.000146,1.9e-05,0.0,3.8e-05,0.08025,0.864895,0.001381,0.024138,0.000109,1.9e-05,1.2e-05,0.001612,2.8e-05,0.000289,0.024812
EnsResNet,1erm.fw2.sasa.cif,A,226,PRO,PRO,0.960658,0.960658,0.0,0.00057,0.001623,0.000145,5.8e-05,2.6e-05,0.001158,0.000573,0.0,0.000361,0.00148,0.024937,0.006119,0.000533,0.000638,0.960658,0.000103,0.000102,8.5e-05,0.000515,0.000318
EnsResNet,1erm.fw2.sasa.cif,A,227,ALA,PRO,0.077552,0.373553,2.2680771,0.077552,0.032362,0.026573,0.054592,0.00088,0.039745,0.130089,0.000886,0.013432,0.011301,0.019846,0.100902,0.005931,0.005581,0.373553,0.051698,0.029461,0.002249,0.004619,0.018747
EnsResNet,1erm.fw2.sasa.cif,A,228,GLY,GLY,0.999979,0.999979,0.0,1e-06,0.0,0.0,0.0,0.0,0.0,0.0,0.999979,0.0,0.0,2e-06,1e-06,9e-06,1e-06,1e-06,3e-06,1e-06,0.0,0.0,0.0
EnsResNet,1erm.fw2.sasa.cif,A,229,TRP,TRP,0.965876,0.965876,0.0,0.000228,0.000367,1e-05,5e-06,5.6e-05,3.4e-05,1.7e-05,6e-06,0.000328,0.000169,0.001068,0.000319,0.001703,0.022887,0.000134,4.5e-05,4.8e-05,0.965876,0.006436,0.000266
EnsResNet,1erm.fw2.sasa.cif,A,230,PHE,TYR,0.326999,0.590241,0.85201794,1.3e-05,0.00784,1e-05,0.0,6e-06,2.1e-05,1e-06,0.0,0.002545,7.9e-05,0.001579,0.006561,0.001623,0.326999,1e-06,2e-06,1.6e-05,0.062404,0.590241,5.9e-05
EnsResNet,1erm.fw2.sasa.cif,A,231,ILE,LEU,0.065156,0.927523,3.8314133,1.2e-05,0.000157,2.5e-05,2e-06,0.000197,9.1e-05,1.4e-05,0.0,0.000185,0.065156,0.927523,0.000283,0.002834,0.000235,3e-06,6e-06,0.000348,1.6e-05,0.000407,0.002506
EnsResNet,1erm.fw2.sasa.cif,A,232,ALA,ALA,0.374832,0.374832,0.0,0.374832,0.015685,0.021193,0.00929,0.013133,0.24333,0.137337,5.7e-05,0.008219,0.000249,0.0057,0.006941,0.02151,0.000922,0.000945,0.127991,0.007273,0.000964,0.003693,0.000735
EnsResNet,1erm.fw2.sasa.cif,A,233,ASP,ASP,0.842331,0.842331,0.0,0.000433,4e-05,0.118762,0.842331,0.000188,0.001289,0.022024,2e-06,0.003093,4e-06,2.5e-05,4.6e-05,1.2e-05,4.7e-05,3.8e-05,0.009479,0.002083,1.3e-05,5.7e-05,3.3e-05
EnsResNet,1erm.fw2.sasa.cif,A,234,LYS,LYS,0.531446,0.531446,0.0,0.002971,0.235635,0.000362,3.8e-05,0.001619,0.046653,0.000771,0.0,0.003484,0.000872,0.02563,0.531446,0.146203,0.00074,0.0,0.000337,0.001832,0.000185,0.000623,0.000598
EnsResNet,1erm.fw2.sasa.cif,A,235,SER,SER,0.848746,0.848746,0.0,0.058255,0.000219,0.018308,0.021336,0.00655,0.002668,0.006316,5.2e-05,0.002034,5e-06,1.9e-05,0.000157,4.8e-05,1.3e-05,0.001149,0.848746,0.034019,1.6e-05,3.2e-05,5.6e-05
EnsResNet,1erm.fw2.sasa.cif,A,236,GLY,GLY,1.0,1.0,0.0,0.0,0.0,0.0,0.0,0.0,0.0,0.0,1.0,0.0,0.0,0.0,0.0,0.0,0.0,0.0,0.0,0.0,0.0,0.0,0.0
EnsResNet,1erm.fw2.sasa.cif,A,237,ALA,ALA,0.825063,0.825063,0.0,0.825063,0.000499,0.002858,0.001854,0.013038,0.001861,0.003188,8.4e-05,0.0019,0.000108,0.000123,0.00036,0.000362,0.000274,0.007351,0.132379,0.006241,0.000454,0.000501,0.001502
EnsResNet,1erm.fw2.sasa.cif,A,238,GLY,GLY,0.999999,0.999999,0.0,0.0,0.0,0.0,0.0,0.0,0.0,0.0,0.999999,0.0,0.0,0.0,0.0,0.0,0.0,0.0,0.0,0.0,0.0,0.0,0.0
EnsResNet,1erm.fw2.sasa.cif,A,239,GLU,LYS,0.069064,0.241552,1.8063279,0.087956,0.10318,0.077518,0.029129,0.004845,0.110035,0.069064,0.00092,0.032701,0.0068,0.107678,0.241552,0.027257,0.01518,0.001924,0.041491,0.017923,0.00346,0.013836,0.007553
EnsResNet,1erm.fw2.sasa.cif,A,240,ARG,LYS,0.191679,0.271248,0.5009203,0.010778,0.191679,0.052518,0.006466,0.004228,0.031243,0.007181,0.000235,0.096253,0.007456,0.15253,0.271248,0.045447,0.043063,0.001459,0.009644,0.007901,0.018397,0.037991,0.004285
EnsResNet,1erm.fw2.sasa.cif,A,241,GLY,GLY,0.999935,0.999935,0.0,9e-06,0.0,2e-06,2e-06,1e-06,0.0,1e-06,0.999935,2e-06,0.0,5e-06,4e-06,1.9e-05,3e-06,2e-06,1.2e-05,3e-06,1e-06,0.0,1e-06
EnsResNet,1erm.fw2.sasa.cif,A,242,SER,CYS,0.008537,0.884676,6.6952763,0.097602,0.000233,0.000133,1.2e-05,0.884676,0.000207,3.8e-05,3e-06,0.000287,8.4e-05,7.4e-05,0.000155,0.000384,4.5e-05,0.002754,0.008537,0.003434,1.2e-05,7.7e-05,0.001252
EnsResNet,1erm.fw2.sasa.cif,A,243,ARG,LYS,0.17437,0.459556,1.3980888,0.00669,0.17437,0.002855,0.000391,0.003291,0.059333,0.007851,0.0,0.022975,0.003975,0.154672,0.459556,0.079362,0.006669,9e-06,0.001505,0.002649,0.001715,0.010285,0.001845
EnsResNet,1erm.fw2.sasa.cif,A,244,GLY,GLY,0.999998,0.999998,0.0,0.0,0.0,0.0,0.0,0.0,0.0,0.0,0.999998,0.0,0.0,0.0,0.0,0.0,0.0,0.0,0.0,0.0,0.0,0.0,0.0
EnsResNet,1erm.fw2.sasa.cif,A,245,ILE,VAL,0.480152,0.517713,0.10866132,3e-06,3.2e-05,2.7e-05,0.0,0.000204,7.6e-05,1.5e-05,0.0,1.5e-05,0.480152,0.000111,2.7e-05,2.4e-05,1e-06,0.0,2e-06,0.001592,0.0,7e-06,0.517713
EnsResNet,1erm.fw2.sasa.cif,A,246,ILE,ILE,0.927486,0.927486,0.0,7e-06,9e-05,3e-06,0.0,0.000172,2.8e-05,2e-06,0.0,9e-06,0.927486,0.01881,6.3e-05,0.00865,3.6e-05,3.4e-05,1e-06,0.000192,5e-05,8.4e-05,0.044284
EnsResNet,1erm.fw2.sasa.cif,A,247,ALA,ALA,0.946348,0.946348,0.0,0.946348,2.8e-05,0.000199,3.8e-05,0.002522,0.000238,0.000213,0.0,3.5e-05,1e-06,3e-06,1.8e-05,4.5e-05,4e-06,3.2e-05,0.049749,0.000492,2e-06,5e-06,2.6e-05
EnsResNet,1erm.fw2.sasa.cif,A,248,ALA,ALA,0.490517,0.490517,0.0,0.490517,0.001215,0.002325,0.001307,0.032539,0.006602,0.02137,8e-06,0.003221,0.001232,0.000645,0.001378,0.000863,0.001021,0.280284,0.061364,0.060219,0.000346,0.001625,0.031918
EnsResNet,1erm.fw2.sasa.cif,A,249,LEU,LEU,0.850759,0.850759,0.0,0.000303,0.001784,0.000451,3e-05,0.003104,0.001299,0.000255,0.0,0.005175,0.003957,0.850759,0.001049,0.107643,0.006876,0.000102,0.000127,0.000683,0.003404,0.012337,0.000662
EnsResNet,1erm.fw2.sasa.cif,A,250,GLY,GLY,0.999993,0.999993,0.0,1e-06,0.0,0.0,0.0,0.0,0.0,0.0,0.999993,0.0,0.0,1e-06,0.0,5e-06,0.0,0.0,1e-06,0.0,0.0,0.0,0.0
EnsResNet,1erm.fw2.sasa.cif,A,251,PRO,PRO,0.790906,0.790906,0.0,0.033713,0.020312,0.005044,0.003042,0.000443,0.015308,0.02127,1e-05,0.001201,0.000731,0.001213,0.06627,0.000585,0.000168,0.790906,0.026197,0.011551,4.7e-05,0.000179,0.001809
EnsResNet,1erm.fw2.sasa.cif,A,252,ASP,ASP,0.541448,0.541448,0.0,0.021843,0.005673,0.22665,0.541448,0.000855,0.024692,0.081464,0.000612,0.007075,0.000416,0.002653,0.008026,0.000952,0.000514,0.000551,0.060066,0.014486,0.000242,0.000657,0.001124
EnsResNet,1erm.fw2.sasa.cif,A,253,GLY,GLY,1.0,1.0,0.0,0.0,0.0,0.0,0.0,0.0,0.0,0.0,1.0,0.0,0.0,0.0,0.0,0.0,0.0,0.0,0.0,0.0,0.0,0.0,0.0
EnsResNet,1erm.fw2.sasa.cif,A,254,LYS,LYS,0.308664,0.308664,0.0,0.00871,0.187069,0.013527,0.002961,0.001826,0.025521,0.011768,2.5e-05,0.125856,0.019178,0.022517,0.308664,0.009132,0.078084,0.003963,0.006767,0.021399,0.033809,0.098092,0.021132
EnsResNet,1erm.fw2.sasa.cif,A,255,PRO,PRO,0.94597,0.94597,0.0,0.043161,7e-05,0.000161,7e-05,0.00306,0.000201,0.000257,5.4e-05,0.000413,5.9e-05,5.9e-05,7.9e-05,0.000276,0.000537,0.94597,0.004416,0.000184,0.000356,0.000397,0.00022
EnsResNet,1erm.fw2.sasa.cif,A,256,SER,VAL,0.015946,0.344837,4.434648,0.004914,0.012624,0.016915,0.004592,0.005276,0.041833,0.078022,4e-06,0.005639,0.098744,0.010123,0.017554,0.002746,0.000735,0.000819,0.015946,0.337199,0.000176,0.001302,0.344837
EnsResNet,1erm.fw2.sasa.cif,A,257,ARG,LYS,0.187361,0.789985,2.0760045,8.5e-05,0.187361,1.6e-05,3e-06,2.3e-05,0.000532,2e-05,0.0,0.0007,0.000168,0.010811,0.789985,0.008227,0.000663,0.0,1e-05,1.9e-05,0.000427,0.000915,3.6e-05
EnsResNet,1erm.fw2.sasa.cif,A,258,ILE,ILE,0.791561,0.791561,0.0,1e-06,4e-06,0.0,0.0,0.000103,1e-06,0.0,0.0,0.0,0.791561,0.106076,1.3e-05,0.001107,4e-06,2e-06,0.0,0.000109,1e-06,8e-06,0.101011
EnsResNet,1erm.fw2.sasa.cif,A,259,VAL,VAL,0.96816,0.96816,0.0,3e-06,3e-06,0.0,0.0,0.000176,1e-06,0.0,0.0,0.0,0.030755,0.000249,7e-06,2.1e-05,0.0,1e-06,0.0,0.000623,0.0,1e-06,0.96816
EnsResNet,1erm.fw2.sasa.cif,A,260,VAL,VAL,0.927763,0.927763,0.0,1.1e-05,1.2e-05,0.0,0.0,0.000462,4e-06,1e-06,0.0,2e-06,0.070626,0.00045,3.8e-05,8.6e-05,5e-06,2e-06,1e-06,0.000517,1e-06,1.7e-05,0.927763
EnsResNet,1erm.fw2.sasa.cif,A,261,ILE,ILE,0.832706,0.832706,0.0,2.8e-05,0.000105,1.3e-05,1e-06,0.000405,7.8e-05,1.5e-05,0.0,1.7e-05,0.832706,0.06985,9.5e-05,0.010681,0.000129,7.9e-05,1.1e-05,0.001096,0.000125,0.000233,0.084331
EnsResNet,1erm.fw2.sasa.cif,A,262,TYR,TYR,0.629399,0.629399,0.0,2e-06,7.5e-05,2e-06,0.0,2e-06,4e-06,0.0,0.0,0.00064,2.7e-05,0.002908,7.4e-05,0.000787,0.363318,0.0,0.0,4e-06,0.00275,0.629399,7e-06
EnsResNet,1erm.fw2.sasa.cif,A,263,THR,THR,0.586186,0.586186,0.0,0.01288,0.006656,0.005889,0.000387,0.076755,0.031801,0.006255,1e-06,0.000609,0.007158,0.113071,0.00223,0.117865,0.000208,0.000633,0.006497,0.586186,0.000215,0.000787,0.023915
EnsResNet,1erm.fw2.sasa.cif,A,264,THR,GLU,0.20798,0.211685,0.025474166,0.009837,0.002447,0.202215,0.195533,0.006106,0.056328,0.211685,1.4e-05,0.006072,0.001817,0.000632,0.000959,0.000743,0.000103,0.000141,0.086366,0.20798,0.000124,0.000255,0.010641
EnsResNet,1erm.fw2.sasa.cif,A,265,GLY,GLY,0.999995,0.999995,0.0,1e-06,0.0,0.0,0.0,0.0,0.0,0.0,0.999995,0.0,0.0,0.0,0.0,2e-06,0.0,0.0,1e-06,0.0,0.0,0.0,0.0
EnsResNet,1erm.fw2.sasa.cif,A,266,SER,SER,0.929459,0.929459,0.0,0.009318,5e-06,0.000838,0.000463,0.004289,4.7e-05,4.8e-05,3e-06,4.2e-05,0.0,1e-06,4e-06,3e-06,0.0,0.000903,0.929459,0.054575,0.0,0.0,2e-06
EnsResNet,1erm.fw2.sasa.cif,A,267,GLN,SER,0.044392,0.146541,1.7229327,0.051688,0.040477,0.117507,0.107133,0.002741,0.044392,0.063186,0.002239,0.04664,0.007117,0.015985,0.094962,0.008966,0.008159,0.136004,0.146541,0.084654,0.002793,0.008946,0.009868
EnsResNet,1erm.fw2.sasa.cif,A,268,ALA,ARG,0.187108,0.233722,0.3209224,0.187108,0.233722,0.036169,0.003748,0.059353,0.061661,0.009158,0.000156,0.039541,0.00141,0.022407,0.203569,0.076301,0.008493,0.000463,0.035091,0.005591,0.003996,0.010258,0.001804
EnsResNet,1erm.fw2.sasa.cif,A,269,THR,SER,0.179632,0.769642,2.0991433,0.01561,0.003251,0.008638,0.005351,0.003022,0.002921,0.003323,1.3e-05,0.001958,4.2e-05,0.000233,0.005417,0.000137,1.4e-05,0.000594,0.769642,0.179632,5e-06,3.4e-05,0.000165
EnsResNet,1erm.fw2.sasa.cif,A,270,MET,GLU,0.017327,0.308681,4.155023,0.024459,0.047686,0.015783,0.012906,0.003691,0.154881,0.308681,0.000143,0.006284,0.023304,0.081355,0.043588,0.017327,0.00219,0.028695,0.036875,0.141877,0.001619,0.004176,0.044479
EnsResNet,1erm.fw2.sasa.cif,A,271,ASP,GLU,0.165867,0.395056,1.2520303,0.166031,0.013196,0.025448,0.165867,0.000569,0.065126,0.395056,0.00082,0.007989,0.003012,0.008424,0.026394,0.00293,0.001489,0.015187,0.071279,0.0201,0.000687,0.001543,0.008853
EnsResNet,1erm.fw2.sasa.cif,A,272,GLU,GLU,0.836017,0.836017,0.0,0.005694,0.000717,0.012507,0.086763,0.000108,0.031787,0.836017,0.0,0.003964,0.000799,0.000485,0.000772,0.000107,0.000199,6e-05,0.006891,0.008942,9.1e-05,0.000519,0.00358
EnsResNet,1erm.fw2.sasa.cif,A,273,ARG,LYS,0.138454,0.559822,2.0155613,8.1e-05,0.138454,0.000359,2e-05,0.000501,0.019129,0.0002,0.0,0.015486,0.001352,0.234267,0.559822,0.028875,0.000457,0.0,3.9e-05,0.000348,0.000112,0.000378,0.000119
EnsResNet,1erm.fw2.sasa.cif,A,274,ASN,ASN,0.798534,0.798534,0.0,0.000375,8.8e-05,0.798534,0.194754,0.000138,0.000261,0.000548,0.000436,0.002725,1e-06,1.7e-05,3.3e-05,1.4e-05,2.3e-05,2.7e-05,0.00185,8.3e-05,7.2e-05,1.8e-05,5e-06
EnsResNet,1erm.fw2.sasa.cif,A,275,ARG,LYS,0.122853,0.211094,0.7809525,0.039237,0.122853,0.01552,0.006669,0.001479,0.059535,0.044636,3.7e-05,0.078475,0.022211,0.082158,0.211094,0.01655,0.115841,0.002451,0.013395,0.020137,0.027487,0.099883,0.020351
EnsResNet,1erm.fw2.sasa.cif,A,276,GLN,GLU,0.27846,0.59813,1.1029891,0.026475,0.003287,0.018928,0.016955,0.002103,0.27846,0.59813,6e-06,0.004489,0.000529,0.002876,0.000882,0.004822,0.000233,0.000287,0.028862,0.009984,0.000368,0.000782,0.001542
EnsResNet,1erm.fw2.sasa.cif,A,277,ILE,ILE,0.787875,0.787875,0.0,6e-06,4.2e-05,0.0,0.0,6.2e-05,2e-06,0.0,0.0,1e-05,0.787875,0.065544,0.000398,0.068781,0.037034,1e-06,0.0,9.5e-05,0.000277,0.000596,0.039277
EnsResNet,1erm.fw2.sasa.cif,A,278,ALA,ALA,0.433252,0.433252,0.0,0.433252,0.06174,0.018438,0.004557,0.020468,0.008885,0.004203,8e-06,0.014288,3.2e-05,0.00015,0.03106,0.000554,7.8e-05,0.000102,0.38541,0.016257,4.4e-05,0.000167,0.000309
EnsResNet,1erm.fw2.sasa.cif,A,279,GLU,ALA,0.149372,0.283104,0.9224224,0.283104,0.050851,0.108812,0.050167,0.004056,0.139257,0.149372,0.000154,0.019205,0.001212,0.022915,0.063655,0.008632,0.003068,0.000119,0.075328,0.011963,0.001152,0.004562,0.002416
EnsResNet,1erm.fw2.sasa.cif,A,280,ILE,ILE,0.978976,0.978976,0.0,0.0,3e-06,0.0,0.0,5e-06,0.0,0.0,0.0,0.0,0.978976,0.010116,5e-06,0.002136,3.6e-05,0.0,0.0,3e-06,1.9e-05,1.9e-05,0.008682
EnsResNet,1erm.fw2.sasa.cif,A,281,GLY,GLY,0.999998,0.999998,0.0,0.0,0.0,0.0,0.0,0.0,0.0,0.0,0.999998,0.0,0.0,0.0,0.0,1e-06,0.0,0.0,0.0,0.0,0.0,0.0,0.0
EnsResNet,1erm.fw2.sasa.cif,A,282,ALA,LYS,0.017372,0.599007,5.107737,0.017372,0.301056,0.00514,0.001603,0.000283,0.023249,0.006189,2e-06,0.015019,0.001913,0.008304,0.599007,0.003552,0.003038,0.000127,0.003921,0.004067,0.001205,0.00272,0.002232
EnsResNet,1erm.fw2.sasa.cif,A,283,SER,SER,0.413875,0.413875,0.0,0.285821,0.004719,0.061556,0.078096,0.002749,0.055741,0.070927,9.6e-05,0.005455,3.6e-05,0.000432,0.002904,0.000626,0.000101,3.9e-05,0.413875,0.016259,0.000138,0.000245,0.000186
EnsResNet,1erm.fw2.sasa.cif,A,284,LEU,LEU,0.771066,0.771066,0.0,0.002707,0.003543,0.00045,8e-05,0.002546,0.001986,0.00067,1e-06,0.00285,0.026601,0.771066,0.00257,0.123657,0.016947,0.000234,0.000606,0.002483,0.008578,0.02431,0.008114
EnsResNet,1erm.fw2.sasa.cif,A,285,ILE,ILE,0.938707,0.938707,0.0,2e-06,8.2e-05,2e-06,0.0,0.000158,1.3e-05,0.0,0.0,5.6e-05,0.938707,0.007631,0.000894,0.004921,0.001288,1e-06,0.0,0.000134,2.1e-05,0.000153,0.045937
EnsResNet,1erm.fw2.sasa.cif,A,286,LYS,LYS,0.209695,0.209695,0.0,0.093468,0.12368,0.025255,0.01424,0.00122,0.092563,0.115819,5.4e-05,0.058462,0.013288,0.072128,0.209695,0.011273,0.036087,0.000479,0.023898,0.023511,0.012218,0.051818,0.020843
EnsResNet,1erm.fw2.sasa.cif,A,287,HIS,TYR,0.343331,0.534491,0.6385655,0.000335,0.002094,0.035336,0.003863,0.000922,0.00385,0.005718,0.0,0.343331,0.000295,0.002287,0.000837,0.000833,0.050233,2e-06,0.00205,0.002858,0.010248,0.534491,0.000417
EnsResNet,1erm.fw2.sasa.cif,A,288,TRP,TRP,0.996428,0.996428,0.0,1.2e-05,1e-06,0.0,1e-06,0.0,3e-06,2e-06,0.0,2.8e-05,6e-06,1.5e-05,1e-06,2e-05,0.002685,1e-06,6e-06,8e-06,0.996428,0.000766,1.7e-05
