model,pdb_id,chain_id,pos,wtAA,prAA,wt_prob,pred_prob,avg_log_ratio,prALA,prARG,prASN,prASP,prCYS,prGLN,prGLU,prGLY,prHIS,prILE,prLEU,prLYS,prMET,prPHE,prPRO,prSER,prTHR,prTRP,prTYR,prVAL
EnsResNet,2jzi.fw2.sasa.cif,A,1,ALA,ALA,0.346216,0.346216,0,0.346216,0.01055,0.026737,0.010907,0.037176,0.031042,0.037273,0.000686,0.023029,0.002525,0.00346,0.008638,0.0067,0.003595,0.158657,0.204175,0.066567,0.001869,0.00628,0.013918
EnsResNet,2jzi.fw2.sasa.cif,A,2,ASP,ASP,0.223623,0.223623,0,0.092304,0.021575,0.123003,0.223623,0.002318,0.10376,0.154006,0.00108,0.018211,0.001789,0.017393,0.039404,0.005183,0.002602,0.001651,0.149827,0.036588,0.000856,0.002062,0.002765
EnsResNet,2jzi.fw2.sasa.cif,A,3,GLN,ASN,0.108028,0.162462,0.5886969,0.051268,0.058162,0.162462,0.109774,0.002051,0.108028,0.131803,0.000491,0.043783,0.003637,0.012769,0.142548,0.005242,0.004845,0.012389,0.097355,0.039192,0.001156,0.006088,0.006958
EnsResNet,2jzi.fw2.sasa.cif,A,4,LEU,PHE,0.02844,0.364017,3.6780124,0.004075,0.056018,0.001277,0.000182,0.002175,0.004548,0.00087,3.00E-06,0.03183,0.003148,0.02844,0.113433,0.043944,0.364017,0.002264,0.000675,0.001674,0.041916,0.297076,0.002435
EnsResNet,2jzi.fw2.sasa.cif,A,5,THR,SER,0.403413,0.467149,0.21162514,0.012564,0.004181,0.01014,0.028327,0.00097,0.012207,0.046636,2.90E-05,0.001871,0.000158,0.000838,0.009369,0.000333,4.40E-05,0.000945,0.467149,0.403413,1.60E-05,0.000106,0.000703
EnsResNet,2jzi.fw2.sasa.cif,A,6,GLU,GLU,0.333735,0.333735,0,0.074628,0.039999,0.029173,0.065344,0.000876,0.077806,0.333735,0.000548,0.016178,0.017768,0.034308,0.094422,0.00617,0.006427,0.078115,0.04042,0.040658,0.002505,0.006892,0.034027
EnsResNet,2jzi.fw2.sasa.cif,A,7,GLU,PRO,0.182931,0.22903,0.32423702,0.167677,0.026696,0.023422,0.083302,0.000702,0.043536,0.182931,0.000934,0.0106,0.004813,0.010276,0.090982,0.003103,0.002876,0.22903,0.079781,0.02441,0.000892,0.002345,0.011692
EnsResNet,2jzi.fw2.sasa.cif,A,8,GLN,SER,0.035144,0.301154,3.099151,0.195248,0.012131,0.076144,0.162904,0.003887,0.035144,0.079734,0.002391,0.040208,0.001128,0.005226,0.023198,0.003171,0.004556,0.008987,0.301154,0.035323,0.001852,0.004466,0.003148
EnsResNet,2jzi.fw2.sasa.cif,A,9,ILE,LYS,0.0359,0.34774,3.2759533,0.015279,0.09468,0.000328,0.000138,0.00633,0.015612,0.003088,2.00E-06,0.001014,0.0359,0.163997,0.34774,0.227113,0.004301,0.006132,0.001184,0.01397,0.001564,0.00261,0.059017
EnsResNet,2jzi.fw2.sasa.cif,A,10,ALA,ALA,0.609139,0.609139,0,0.609139,0.060883,0.003495,0.001843,0.002363,0.03611,0.027886,4.00E-06,0.004114,0.000676,0.003,0.147606,0.002286,0.00069,0.000519,0.076839,0.016727,0.000108,0.000661,0.005049
EnsResNet,2jzi.fw2.sasa.cif,A,11,GLU,LYS,0.076338,0.356322,2.2227082,0.051557,0.1564,0.013728,0.006562,0.001659,0.124533,0.076338,1.00E-05,0.019086,0.024754,0.038812,0.356322,0.012763,0.006584,0.001155,0.018329,0.039608,0.00217,0.005428,0.0442
EnsResNet,2jzi.fw2.sasa.cif,A,12,PHE,LYS,0.179969,0.347821,0.95059663,0.002833,0.135808,0.000333,2.90E-05,0.003069,0.00207,0.000142,0,0.023413,0.000839,0.017868,0.347821,0.131962,0.179969,2.70E-05,0.000167,0.000271,0.032404,0.120506,0.00047
EnsResNet,2jzi.fw2.sasa.cif,A,13,LYS,PHE,0.102933,0.175036,0.76594615,0.035048,0.063301,0.004503,0.001433,0.022458,0.012145,0.010765,9.70E-05,0.045178,0.041478,0.021183,0.102933,0.035768,0.175036,0.025729,0.009954,0.034799,0.104139,0.096116,0.157939
EnsResNet,2jzi.fw2.sasa.cif,A,14,GLU,ALA,0.09333,0.443994,2.2501273,0.443994,0.02866,0.059518,0.062887,0.00169,0.059004,0.09333,0.000227,0.013175,0.00043,0.003497,0.044291,0.001631,0.001024,0.000882,0.169078,0.013805,0.000383,0.001134,0.00136
EnsResNet,2jzi.fw2.sasa.cif,A,15,ALA,ILE,0.001243,0.443344,8.4784565,0.001243,0.006647,0.000423,5.60E-05,0.004676,0.002556,0.000376,1.00E-06,0.000455,0.443344,0.142038,0.004095,0.096133,0.002429,0.000514,0.000601,0.054349,0.003908,0.00292,0.233235
EnsResNet,2jzi.fw2.sasa.cif,A,16,PHE,ALA,0.012431,0.610331,5.6175776,0.610331,0.007944,0.000229,0.000149,0.138676,0.001683,0.000786,3.20E-05,0.001791,0.006473,0.017359,0.031045,0.044966,0.012431,0.069087,0.011053,0.005333,0.001263,0.003222,0.036145
EnsResNet,2jzi.fw2.sasa.cif,A,17,SER,ALA,0.410684,0.436871,0.08917857,0.436871,0.011795,0.012787,0.007221,0.001247,0.037835,0.045524,1.00E-06,0.001915,1.50E-05,0.000147,0.010248,0.000187,2.10E-05,1.50E-05,0.410684,0.023226,1.10E-05,5.20E-05,0.0002
EnsResNet,2jzi.fw2.sasa.cif,A,18,LEU,LYS,0.107185,0.505412,2.237357,0.001382,0.303909,0.001302,0.000129,0.00165,0.027833,0.001539,0,0.001177,0.003692,0.107185,0.505412,0.034261,0.000321,7.00E-06,0.000677,0.007068,0.000266,0.000482,0.001707
EnsResNet,2jzi.fw2.sasa.cif,A,19,PHE,MET,0.203491,0.620313,1.6080313,0.001213,0.002259,3.40E-05,4.00E-06,0.001393,0.000193,9.00E-06,0,0.001099,0.015288,0.115572,0.00489,0.620313,0.203491,6.00E-06,5.40E-05,0.000816,0.01184,0.018102,0.003422
EnsResNet,2jzi.fw2.sasa.cif,A,20,ASP,ASP,0.874242,0.874242,0,0.002735,1.00E-05,0.098689,0.874242,0.000145,0.000322,0.004199,2.50E-05,0.000503,0,0,4.00E-06,2.00E-06,2.00E-06,5.00E-06,0.018903,0.000202,8.00E-06,3.00E-06,1.00E-06
EnsResNet,2jzi.fw2.sasa.cif,A,21,LYS,ALA,0.102471,0.254279,1.3111966,0.254279,0.063286,0.028434,0.019819,0.005916,0.039371,0.051938,0.001619,0.096952,0.006458,0.025718,0.102471,0.016822,0.066694,0.007619,0.072969,0.020323,0.033285,0.067038,0.018989
EnsResNet,2jzi.fw2.sasa.cif,A,22,ASP,ASP,0.46625,0.46625,0,0.017869,0.005699,0.106987,0.46625,0.000668,0.031677,0.19918,0.000167,0.007623,0.001058,0.00367,0.011351,0.001089,0.000595,0.001308,0.098742,0.042108,0.000202,0.000908,0.002847
EnsResNet,2jzi.fw2.sasa.cif,A,23,GLY,GLY,0.999993,0.999993,0,1.00E-06,0,0,0,0,0,0,0.999993,0,0,0,0,2.00E-06,0,0,2.00E-06,0,0,0,0
EnsResNet,2jzi.fw2.sasa.cif,A,24,ASP,ASP,0.649857,0.649857,0,0.006757,0.001731,0.241909,0.649857,0.000742,0.00692,0.029509,0.000326,0.003199,9.30E-05,0.000667,0.002193,0.000279,0.000168,0.000559,0.044652,0.00981,7.60E-05,0.000183,0.000369
EnsResNet,2jzi.fw2.sasa.cif,A,25,GLY,GLY,0.999999,0.999999,0,0,0,0,0,0,0,0,0.999999,0,0,0,0,1.00E-06,0,0,0,0,0,0,0
EnsResNet,2jzi.fw2.sasa.cif,A,26,THR,SER,0.06225,0.627303,3.3330169,0.058217,0.000804,0.013734,0.03613,0.003085,0.017741,0.171867,1.80E-05,0.003239,2.90E-05,6.30E-05,0.000857,0.000108,5.20E-05,0.004033,0.627303,0.06225,3.50E-05,0.000112,0.000322
EnsResNet,2jzi.fw2.sasa.cif,A,27,ILE,PRO,0.01588,0.538771,5.084389,0.007743,0.000347,9.00E-06,1.00E-06,0.052384,1.00E-04,1.90E-05,0,6.50E-05,0.01588,0.004209,0.000774,0.002646,0.00032,0.538771,0.000156,0.012216,0.000166,0.000433,0.363761
EnsResNet,2jzi.fw2.sasa.cif,A,28,THR,ASP,0.009763,0.65974,6.078429,0.024198,0.000655,0.049418,0.65974,0.000321,0.009547,0.150372,3.50E-05,0.003682,5.10E-05,0.000136,0.000882,7.00E-05,7.80E-05,0.000352,0.090199,0.009763,5.90E-05,0.000164,0.000278
EnsResNet,2jzi.fw2.sasa.cif,A,29,THR,SER,0.038104,0.557312,3.8704708,0.312179,0.000709,0.010976,0.007113,0.013448,0.008216,0.026032,2.90E-05,0.00428,3.70E-05,4.30E-05,0.000602,0.000161,0.000135,0.019661,0.557312,0.038104,8.50E-05,0.000202,0.000676
EnsResNet,2jzi.fw2.sasa.cif,A,30,LYS,LYS,0.227097,0.227097,0,0.051155,0.107778,0.017718,0.011314,0.002564,0.057983,0.094239,0.000124,0.046264,0.044608,0.041842,0.227097,0.009859,0.041806,0.015389,0.031198,0.058972,0.013101,0.032216,0.094773
EnsResNet,2jzi.fw2.sasa.cif,A,31,GLU,GLU,0.485959,0.485959,0,0.100647,0.002433,0.018171,0.173673,0.000411,0.085083,0.485959,4.60E-05,0.001665,3.10E-05,0.000206,0.002222,0.000208,4.10E-05,0.001003,0.120501,0.007348,5.50E-05,9.40E-05,0.000203
EnsResNet,2jzi.fw2.sasa.cif,A,32,LEU,LEU,0.629965,0.629965,0,0.000365,7.60E-05,3.60E-05,4.00E-06,0.001342,0.000187,2.30E-05,0,3.20E-05,0.000834,0.629965,6.90E-05,0.364549,0.000872,6.00E-06,8.30E-05,0.000542,0.000359,0.000463,0.000193
EnsResNet,2jzi.fw2.sasa.cif,A,33,GLY,GLY,0.999996,0.999996,0,1.00E-06,0,0,0,0,0,0,0.999996,0,0,0,0,1.00E-06,0,0,1.00E-06,0,0,0,0
EnsResNet,2jzi.fw2.sasa.cif,A,34,THR,ARG,0.018655,0.298285,3.999057,0.104049,0.298285,0.020847,0.005979,0.008107,0.066181,0.016445,0.000108,0.028879,0.004683,0.03002,0.24041,0.060534,0.016668,0.000964,0.033155,0.018655,0.020466,0.01822,0.007345
EnsResNet,2jzi.fw2.sasa.cif,A,35,VAL,PHE,0.000174,0.901635,12.33924,0.000183,0.000244,3.00E-06,1.00E-06,3.60E-05,1.60E-05,1.00E-06,0,0.000342,7.70E-05,0.00153,0.000421,0.011231,0.901635,1.10E-05,9.00E-06,6.70E-05,0.056566,0.027453,0.000174
EnsResNet,2jzi.fw2.sasa.cif,A,36,MET,TRP,0.182213,0.331892,0.86508805,0.022301,0.00522,0.003055,0.001623,0.002962,0.016157,0.005008,0.000118,0.000728,0.040373,0.037294,0.001535,0.182213,0.012628,0.000394,0.025713,0.25314,0.331892,0.004102,0.053544
EnsResNet,2jzi.fw2.sasa.cif,A,37,ARG,LYS,0.247527,0.60416,1.2873448,0.043438,0.247527,0.000784,0.000348,0.001409,0.036694,0.004484,1.00E-06,0.00129,0.000911,0.022003,0.60416,0.02907,0.000693,5.10E-05,0.002464,0.001931,0.000319,0.000914,0.00151
EnsResNet,2jzi.fw2.sasa.cif,A,38,SER,ALA,0.304906,0.33682,0.14361319,0.33682,0.021037,0.104299,0.060017,0.006553,0.038579,0.047738,0.000753,0.020281,0.000432,0.004022,0.026248,0.002525,0.001456,0.000492,0.304906,0.020387,0.000638,0.001706,0.00111
EnsResNet,2jzi.fw2.sasa.cif,A,39,LEU,TRP,0.202047,0.283152,0.48688582,0.000848,0.100941,0.001169,9.30E-05,0.000707,0.002504,0.000395,1.00E-06,0.038063,0.006598,0.202047,0.058224,0.040876,0.131923,9.00E-05,0.000307,0.000989,0.283152,0.128893,0.00218
EnsResNet,2jzi.fw2.sasa.cif,A,40,GLY,GLY,0.999975,0.999975,0,2.00E-06,0,1.00E-06,0,1.00E-06,0,0,0.999975,1.00E-06,0,1.00E-06,1.00E-06,8.00E-06,0,3.00E-06,5.00E-06,1.00E-06,0,0,0
EnsResNet,2jzi.fw2.sasa.cif,A,41,GLN,ALA,0.025853,0.410519,3.9890454,0.410519,0.016656,0.012071,0.003465,0.053501,0.025853,0.020793,0.000105,0.133604,0.002004,0.003743,0.019723,0.007228,0.065566,0.001288,0.054792,0.014654,0.025671,0.113191,0.015574
EnsResNet,2jzi.fw2.sasa.cif,A,42,ASN,ASN,0.359814,0.359814,0,0.049964,0.027752,0.359814,0.246884,0.002344,0.042422,0.060785,0.004005,0.034458,0.001703,0.009803,0.043983,0.00451,0.004781,0.009059,0.070972,0.016693,0.001374,0.004949,0.003746
EnsResNet,2jzi.fw2.sasa.cif,A,43,PRO,PRO,0.549305,0.549305,0,0.176143,0.004611,0.007162,0.010012,0.007222,0.017007,0.043533,0.00082,0.015764,0.006644,0.01065,0.006021,0.010674,0.025107,0.549305,0.046807,0.015157,0.011759,0.01678,0.018822
EnsResNet,2jzi.fw2.sasa.cif,A,44,THR,GLU,0.044021,0.230389,2.387808,0.072864,0.050712,0.08889,0.109828,0.001449,0.107287,0.230389,0.00052,0.034456,0.00767,0.024537,0.106801,0.00564,0.008043,0.011322,0.067803,0.044021,0.00238,0.010944,0.014444
EnsResNet,2jzi.fw2.sasa.cif,A,45,GLU,GLU,0.403611,0.403611,0,0.089258,0.010392,0.051214,0.19585,0.000638,0.058242,0.403611,0.000502,0.00898,0.002077,0.003761,0.021229,0.001169,0.00137,0.073433,0.053769,0.015104,0.000446,0.001669,0.007283
EnsResNet,2jzi.fw2.sasa.cif,A,46,ALA,GLU,0.197497,0.248185,0.3295852,0.197497,0.045364,0.018708,0.053679,0.000829,0.079405,0.248185,0.000612,0.012536,0.011395,0.029516,0.13435,0.006411,0.004706,0.035357,0.05751,0.032543,0.001203,0.003615,0.02658
EnsResNet,2jzi.fw2.sasa.cif,A,47,GLU,ALA,0.171632,0.408508,1.2510457,0.408508,0.037283,0.023948,0.051676,0.001206,0.083281,0.171632,0.001109,0.007645,0.003263,0.020466,0.074232,0.00748,0.003517,0.019236,0.06171,0.011398,0.001112,0.00266,0.008638
EnsResNet,2jzi.fw2.sasa.cif,A,48,LEU,LEU,0.455892,0.455892,0,0.009803,0.042584,0.00179,0.000175,0.025883,0.054472,0.011208,2.00E-06,0.001525,0.031293,0.455892,0.064448,0.22081,0.000904,0.00363,0.001846,0.032676,0.000295,0.002737,0.038026
EnsResNet,2jzi.fw2.sasa.cif,A,49,GLN,LYS,0.063686,0.57146,3.1656044,0.019728,0.228456,0.007907,0.002179,0.001271,0.063686,0.020751,1.00E-06,0.029349,0.002422,0.020446,0.57146,0.008251,0.004481,5.50E-05,0.00517,0.003902,0.001663,0.006246,0.002575
EnsResNet,2jzi.fw2.sasa.cif,A,50,ASP,LYS,0.037576,0.256962,2.7736716,0.069399,0.194235,0.119813,0.037576,0.001275,0.113845,0.075888,1.50E-05,0.037035,0.002235,0.012145,0.256962,0.003489,0.002541,0.000179,0.040561,0.024517,0.000994,0.003296,0.004
EnsResNet,2jzi.fw2.sasa.cif,A,51,MET,LYS,0.128256,0.443049,1.7884401,0.016117,0.159499,0.002088,0.000271,0.004306,0.011683,0.001227,2.00E-06,0.026088,0.003114,0.045648,0.443049,0.128256,0.085622,4.00E-05,0.001749,0.001764,0.024698,0.042849,0.001929
EnsResNet,2jzi.fw2.sasa.cif,A,52,ILE,MET,0.183703,0.346115,0.91387624,0.013615,0.009115,0.001396,0.000202,0.043681,0.008852,0.002751,2.00E-06,0.004578,0.183703,0.158898,0.021724,0.346115,0.015081,0.000184,0.002175,0.03839,0.001637,0.011413,0.136488
EnsResNet,2jzi.fw2.sasa.cif,A,53,ASN,LYS,0.020611,0.458823,4.4764514,0.022332,0.256228,0.020611,0.005958,0.000683,0.064841,0.029481,4.00E-06,0.037082,0.008009,0.007812,0.458823,0.002837,0.003148,0.000357,0.019545,0.042143,0.001127,0.003271,0.015708
EnsResNet,2jzi.fw2.sasa.cif,A,54,GLU,ALA,0.011852,0.193657,4.030301,0.193657,0.090709,0.012676,0.003808,0.009885,0.023869,0.011852,0.000198,0.087717,0.002419,0.023678,0.146812,0.027691,0.14449,0.001202,0.021124,0.004833,0.048458,0.139707,0.005215
EnsResNet,2jzi.fw2.sasa.cif,A,55,VAL,ALA,0.036794,0.625437,4.087322,0.625437,0.000111,2.80E-05,2.40E-05,0.172261,0.000107,0.000101,4.00E-06,0.000167,0.001943,0.001579,0.000284,0.001541,0.001093,0.147948,0.006352,0.003657,0.000101,0.000468,0.036794
EnsResNet,2jzi.fw2.sasa.cif,A,56,ASP,ASP,0.583741,0.583741,0,0.006062,1.20E-05,0.118226,0.583741,0.00148,0.000139,0.001185,1.00E-04,0.001243,0,1.00E-06,8.00E-06,4.00E-06,3.00E-06,9.00E-06,0.286661,0.001104,1.50E-05,7.00E-06,1.00E-06
EnsResNet,2jzi.fw2.sasa.cif,A,57,ALA,SER,0.073141,0.59209,3.0170643,0.073141,0.009646,0.036074,0.046083,0.005973,0.021609,0.032746,0.000416,0.008415,0.000507,0.002968,0.01235,0.001837,0.000448,0.001851,0.59209,0.151586,0.000231,0.000617,0.001411
EnsResNet,2jzi.fw2.sasa.cif,A,58,ASP,ASP,0.504158,0.504158,0,0.006989,0.003677,0.155996,0.504158,0.001288,0.017213,0.107151,5.30E-05,0.014473,0.001224,0.0019,0.005335,0.000655,0.00084,0.000757,0.08197,0.089626,0.000284,0.00149,0.004921
EnsResNet,2jzi.fw2.sasa.cif,A,59,GLY,GLY,0.999993,0.999993,0,1.00E-06,0,0,0,0,0,0,0.999993,0,0,0,0,1.00E-06,0,0,3.00E-06,0,0,0,0
EnsResNet,2jzi.fw2.sasa.cif,A,60,ASN,ASP,0.335949,0.597442,0.83055633,0.003394,0.001418,0.335949,0.597442,0.000486,0.005084,0.020525,0.000109,0.003013,6.20E-05,0.000508,0.001817,0.000175,0.000145,0.000182,0.023187,0.006017,5.80E-05,0.000161,0.000266
EnsResNet,2jzi.fw2.sasa.cif,A,61,GLY,GLY,0.999996,0.999996,0,0,0,0,0,0,0,0,0.999996,0,0,0,0,2.00E-06,0,0,0,0,0,0,0
EnsResNet,2jzi.fw2.sasa.cif,A,62,THR,SER,0.031745,0.425735,3.7453544,0.022653,0.00051,0.028169,0.255016,0.001037,0.010336,0.214873,3.70E-05,0.004784,3.90E-05,9.90E-05,0.000795,6.40E-05,8.90E-05,0.003542,0.425735,0.031745,4.00E-05,0.000162,0.000275
EnsResNet,2jzi.fw2.sasa.cif,A,63,ILE,ILE,0.776741,0.776741,0,4.00E-06,6.10E-05,1.00E-06,0,0.000225,1.00E-05,1.00E-06,0,4.00E-06,0.776741,0.158291,9.60E-05,0.025049,6.90E-05,5.10E-05,1.00E-06,0.000102,3.30E-05,9.70E-05,0.039164
EnsResNet,2jzi.fw2.sasa.cif,A,64,ASP,ASP,0.721105,0.721105,0,0.009051,0.000415,0.038209,0.721105,0.00013,0.01138,0.184704,9.00E-06,0.002077,3.60E-05,0.000144,0.000474,5.10E-05,4.20E-05,0.000136,0.027339,0.004428,3.00E-05,8.20E-05,0.000156
EnsResNet,2jzi.fw2.sasa.cif,A,65,PHE,PHE,0.268614,0.268614,0,0.003027,0.074354,0.001781,0.000438,0.001133,0.01172,0.004034,1.00E-06,0.02942,0.132379,0.055512,0.189604,0.021835,0.268614,0.001273,0.001808,0.025648,0.020493,0.083548,0.073377
EnsResNet,2jzi.fw2.sasa.cif,A,66,PRO,GLU,0.090141,0.336963,1.9023348,0.0852,0.019835,0.030717,0.101241,0.000615,0.049495,0.336963,0.000155,0.008142,0.002485,0.004222,0.060554,0.000981,0.001172,0.090141,0.143875,0.053462,0.000329,0.001369,0.009049
EnsResNet,2jzi.fw2.sasa.cif,A,67,GLU,SER,0.117761,0.282323,1.2614847,0.261459,0.010882,0.085577,0.118031,0.006301,0.072297,0.117761,0.004116,0.006293,0.000321,0.002426,0.008588,0.003838,0.00058,0.003732,0.282323,0.013242,0.00062,0.000813,0.000801
EnsResNet,2jzi.fw2.sasa.cif,A,68,PHE,TRP,0.213227,0.397755,0.8994899,0.000597,0.001236,1.20E-05,2.00E-06,0.000108,8.00E-05,5.00E-06,0,0.000261,0.001287,0.038018,0.001613,0.32883,0.213227,5.00E-06,6.00E-05,0.000194,0.397755,0.016383,0.000327
EnsResNet,2jzi.fw2.sasa.cif,A,69,LEU,ILE,0.12105,0.535054,2.1440816,0.001022,0.005156,7.50E-05,1.60E-05,0.001627,0.00162,0.000391,0,0.000417,0.535054,0.12105,0.008826,0.141274,0.00466,0.001257,0.00016,0.003078,0.002931,0.002773,0.168613
EnsResNet,2jzi.fw2.sasa.cif,A,70,THR,SER,0.014341,0.490664,5.096518,0.357258,0.012407,0.042899,0.021479,0.003639,0.017217,0.016865,8.10E-05,0.008838,4.40E-05,0.000417,0.012322,0.000514,0.000162,0.000305,0.490664,0.014341,9.40E-05,0.000239,0.000216
EnsResNet,2jzi.fw2.sasa.cif,A,71,MET,LYS,0.13742,0.318972,1.2148377,0.020996,0.180658,0.007171,0.000426,0.007495,0.188104,0.0063,0,0.016864,0.000761,0.100753,0.318972,0.13742,0.002878,9.00E-06,0.004299,0.003043,0.000814,0.002604,0.000432
EnsResNet,2jzi.fw2.sasa.cif,A,72,MET,MET,0.572978,0.572978,0,0.0008,0.005338,8.70E-05,2.40E-05,0.001501,0.001271,0.000129,1.00E-06,0.000186,0.234165,0.09355,0.003371,0.572978,0.002698,0.000343,0.000261,0.007032,0.009782,0.00106,0.065421
EnsResNet,2jzi.fw2.sasa.cif,A,73,ALA,GLY,0.235109,0.37882,0.6881828,0.235109,0.01434,0.087177,0.02138,0.034511,0.011397,0.007827,0.37882,0.02278,0.000826,0.008526,0.018067,0.024658,0.00792,0.007041,0.102341,0.005331,0.006711,0.003848,0.00139
EnsResNet,2jzi.fw2.sasa.cif,A,74,ARG,ASN,0.002131,0.483067,7.824549,0.034042,0.002131,0.483067,0.073632,0.067164,0.024585,0.031563,0.000106,0.143603,0.000227,0.001521,0.00177,0.002636,0.003758,3.40E-05,0.105943,0.018743,0.000615,0.004121,0.000736
EnsResNet,2jzi.fw2.sasa.cif,A,75,LYS,PRO,0.099159,0.433749,2.1290448,0.024198,0.043366,0.01037,0.004721,0.002349,0.017866,0.02127,9.70E-05,0.077583,0.01656,0.010635,0.099159,0.006718,0.065537,0.433749,0.015135,0.019082,0.052032,0.052297,0.027275
EnsResNet,2jzi.fw2.sasa.cif,A,76,MET,LYS,0.039128,0.171424,2.1312957,0.137443,0.064262,0.012621,0.013615,0.003648,0.057611,0.102207,0.000841,0.014909,0.040753,0.109717,0.171424,0.039128,0.014869,0.018424,0.047819,0.059568,0.00452,0.009402,0.077216
EnsResNet,2jzi.fw2.sasa.cif,A,77,LYS,PHE,0.052265,0.166863,1.674747,0.024298,0.04706,0.01216,0.002802,0.022294,0.020729,0.008231,0.000176,0.085531,0.057973,0.032922,0.052265,0.052786,0.166863,0.004365,0.015117,0.086557,0.075437,0.095102,0.137333
EnsResNet,2jzi.fw2.sasa.cif,A,78,ASP,THR,0.014905,0.315812,4.4051976,0.013743,0.064597,0.042362,0.014905,0.006884,0.133643,0.124886,6.20E-05,0.00982,0.027844,0.033742,0.092013,0.012396,0.001445,0.002261,0.045393,0.315812,0.000414,0.0017,0.056078
EnsResNet,2jzi.fw2.sasa.cif,A,79,THR,ASN,0.024784,0.188661,2.9283152,0.108963,0.059176,0.188661,0.14588,0.001569,0.073676,0.104439,0.001429,0.031738,0.003773,0.023996,0.118678,0.006846,0.006836,0.002182,0.082362,0.024784,0.001677,0.007116,0.006218
EnsResNet,2jzi.fw2.sasa.cif,A,80,ASP,ASN,0.095983,0.267488,1.4786234,0.070378,0.11767,0.267488,0.095983,0.005647,0.06483,0.036275,0.012079,0.038029,0.003102,0.038324,0.086439,0.023895,0.012663,0.006864,0.078983,0.01813,0.009504,0.010034,0.003685
EnsResNet,2jzi.fw2.sasa.cif,A,81,SER,LYS,0.106847,0.173909,0.7027861,0.080636,0.082006,0.035468,0.038923,0.002004,0.066891,0.102676,0.001306,0.02868,0.019809,0.029509,0.173909,0.01633,0.018879,0.051392,0.106847,0.094696,0.008637,0.010672,0.030731
EnsResNet,2jzi.fw2.sasa.cif,A,82,GLU,GLU,0.238857,0.238857,0,0.034122,0.023224,0.120544,0.165571,0.001428,0.06515,0.238857,0.000136,0.054238,0.004322,0.006141,0.034514,0.002226,0.007524,0.004377,0.101596,0.102815,0.002682,0.014531,0.016003
EnsResNet,2jzi.fw2.sasa.cif,A,83,GLU,LYS,0.04767,0.385289,3.0147877,0.035462,0.238646,0.018153,0.008493,0.000834,0.066886,0.04767,2.90E-05,0.016685,0.016882,0.0147,0.385289,0.005592,0.003047,0.002657,0.028438,0.070053,0.001061,0.002713,0.036712
EnsResNet,2jzi.fw2.sasa.cif,A,84,GLU,PRO,0.149115,0.263935,0.8237573,0.13243,0.001088,0.103705,0.151953,0.010395,0.029071,0.149115,0.001155,0.01655,0.000263,0.000321,0.000539,0.000608,0.000852,0.263935,0.125881,0.008481,0.000797,0.001776,0.001085
EnsResNet,2jzi.fw2.sasa.cif,A,85,ILE,LYS,0.00316,0.74095,7.8733077,0.006486,0.131507,4.90E-05,1.50E-05,0.004419,0.002278,0.000278,0,0.000369,0.00316,0.018604,0.74095,0.083576,0.000964,9.50E-05,0.000289,0.001091,0.000352,0.000641,0.004875
EnsResNet,2jzi.fw2.sasa.cif,A,86,ARG,LYS,0.154588,0.293256,0.92373234,0.008917,0.154588,0.006505,0.002164,0.001435,0.03019,0.020877,2.10E-05,0.034025,0.078281,0.139156,0.293256,0.019935,0.050284,0.013309,0.004923,0.022001,0.019051,0.05883,0.042253
EnsResNet,2jzi.fw2.sasa.cif,A,87,GLU,GLN,0.058641,0.18999,1.6959418,0.007048,0.068612,0.021495,0.005207,0.004968,0.18999,0.058641,2.00E-06,0.014085,0.136321,0.128251,0.070926,0.031253,0.00259,0.000218,0.014513,0.159061,0.001294,0.002213,0.083312
EnsResNet,2jzi.fw2.sasa.cif,A,88,ALA,ALA,0.891267,0.891267,0,0.891267,0.000665,0.000237,6.20E-05,0.077489,0.000746,0.000345,1.00E-06,0.000554,0.00021,0.000287,0.000722,0.001584,0.000248,0.000125,0.016741,0.004038,4.10E-05,0.000401,0.004238
EnsResNet,2jzi.fw2.sasa.cif,A,89,PHE,TYR,0.253915,0.30255,0.25282782,0.008076,0.030543,0.002544,0.000343,0.001137,0.005823,0.001187,1.00E-06,0.167217,0.000375,0.002057,0.018603,0.00866,0.253915,7.40E-05,0.0015,0.001327,0.193075,0.30255,0.000992
EnsResNet,2jzi.fw2.sasa.cif,A,90,ARG,LYS,0.174463,0.460966,1.4017391,0.013621,0.174463,0.006632,0.001967,0.002228,0.052292,0.029494,1.10E-05,0.00983,0.062238,0.054093,0.460966,0.014802,0.004832,0.002584,0.006425,0.02556,0.002211,0.004232,0.071519
EnsResNet,2jzi.fw2.sasa.cif,A,91,VAL,PHE,0.009322,0.343102,5.201854,0.005243,0.012114,0.00095,0.000176,0.003905,0.002576,0.000542,2.00E-06,0.013122,0.020371,0.156156,0.011386,0.19342,0.343102,0.000287,0.000942,0.006479,0.070603,0.149301,0.009322
EnsResNet,2jzi.fw2.sasa.cif,A,92,PHE,LEU,0.014892,0.816424,5.776709,0.000772,0.000436,1.50E-05,3.00E-06,0.000481,9.80E-05,1.10E-05,0,0.000141,0.002561,0.816424,0.000752,0.15554,0.014892,3.40E-05,4.80E-05,0.000221,0.002821,0.003623,0.001127
EnsResNet,2jzi.fw2.sasa.cif,A,93,ASP,ASP,0.61716,0.61716,0,0.018448,5.30E-05,0.06996,0.61716,0.003298,0.000733,0.006689,0.000717,0.006054,3.00E-06,1.60E-05,4.80E-05,3.20E-05,6.30E-05,0.001251,0.271922,0.003237,0.000192,0.00011,1.60E-05
EnsResNet,2jzi.fw2.sasa.cif,A,94,LYS,LYS,0.383418,0.383418,0,0.031608,0.136264,0.022392,0.008637,0.003896,0.04996,0.023103,0.000187,0.047517,0.029766,0.039335,0.383418,0.023906,0.022445,0.014925,0.037735,0.074966,0.005174,0.01104,0.033725
EnsResNet,2jzi.fw2.sasa.cif,A,95,ASP,ASP,0.675301,0.675301,0,0.004265,0.001296,0.158476,0.675301,0.000595,0.008602,0.062496,2.10E-05,0.007051,0.000162,0.00061,0.00212,0.000194,0.000276,0.000177,0.05162,0.02543,8.60E-05,0.000501,0.000721
EnsResNet,2jzi.fw2.sasa.cif,A,96,GLY,GLY,1,1,0,0,0,0,0,0,0,0,1,0,0,0,0,0,0,0,0,0,0,0,0
EnsResNet,2jzi.fw2.sasa.cif,A,97,ASN,SER,0.048954,0.512956,3.3893366,0.080333,0.005313,0.048954,0.156459,0.001433,0.027974,0.091519,0.000285,0.005871,0.000183,0.001187,0.00959,0.000601,0.000166,0.000382,0.512956,0.055758,0.000102,0.0003,0.00063
EnsResNet,2jzi.fw2.sasa.cif,A,98,GLY,GLY,0.999973,0.999973,0,2.00E-06,0,0,0,1.00E-06,0,0,0.999973,0,0,2.00E-06,1.00E-06,1.40E-05,1.00E-06,1.00E-06,3.00E-06,1.00E-06,0,0,0
EnsResNet,2jzi.fw2.sasa.cif,A,99,TYR,THR,0.042306,0.206948,2.2903342,0.023735,0.023132,0.109299,0.060304,0.002909,0.040259,0.078358,3.40E-05,0.199181,0.002504,0.002147,0.030876,0.001303,0.019264,0.004386,0.129262,0.206948,0.006731,0.042306,0.017062
EnsResNet,2jzi.fw2.sasa.cif,A,100,ILE,VAL,0.023002,0.500328,4.4430428,0.125729,0.015174,0.000104,2.10E-05,0.216161,0.002318,0.000288,1.00E-06,0.001467,0.023002,0.018317,0.020784,0.026077,0.001963,0.009991,0.001512,0.032003,0.001054,0.003705,0.500328
EnsResNet,2jzi.fw2.sasa.cif,A,101,SER,SER,0.612477,0.612477,0,0.003166,0.000309,0.002109,0.005594,0.000378,0.00084,0.00306,2.00E-06,0.000297,6.00E-06,4.20E-05,0.000749,2.10E-05,2.00E-06,0.000189,0.612477,0.370708,1.00E-06,6.00E-06,4.60E-05
EnsResNet,2jzi.fw2.sasa.cif,A,102,ALA,SER,0.319763,0.334713,0.06592161,0.319763,0.014189,0.039469,0.040389,0.003729,0.032335,0.066658,0.000198,0.046533,0.000439,0.00139,0.029028,0.00128,0.005728,0.031745,0.334713,0.023335,0.001045,0.005229,0.002804
EnsResNet,2jzi.fw2.sasa.cif,A,103,ALA,GLU,0.055251,0.166159,1.588492,0.055251,0.109832,0.063398,0.06228,0.000825,0.076256,0.166159,5.80E-05,0.062551,0.011391,0.011314,0.157641,0.002689,0.011328,0.002742,0.058709,0.09025,0.005476,0.01859,0.033262
EnsResNet,2jzi.fw2.sasa.cif,A,104,GLU,GLU,0.712365,0.712365,0,0.009081,0.000831,0.01351,0.133691,0.000275,0.037746,0.712365,2.00E-06,0.001049,6.40E-05,0.000185,0.000871,9.00E-05,2.30E-05,0.000112,0.062407,0.027158,1.70E-05,7.10E-05,0.000451
EnsResNet,2jzi.fw2.sasa.cif,A,105,LEU,LEU,0.954283,0.954283,0,7.50E-05,0.001684,0.000209,6.00E-06,0.002148,0.000432,3.70E-05,0,0.000683,0.007547,0.954283,0.001451,0.028908,0.000303,1.00E-06,3.20E-05,0.000455,5.30E-05,0.001074,0.000619
EnsResNet,2jzi.fw2.sasa.cif,A,106,ARG,ARG,0.491648,0.491648,0,0.071254,0.491648,0.002384,0.001226,0.001097,0.051066,0.005202,1.00E-06,0.003267,0.000126,0.002026,0.349124,0.007633,0.000158,0.000163,0.010911,0.001874,0.000173,0.000338,0.000329
EnsResNet,2jzi.fw2.sasa.cif,A,107,HIS,VAL,0.019644,0.227339,3.5326846,0.109753,0.096307,0.009713,0.004721,0.007155,0.057443,0.076548,4.50E-05,0.019644,0.034078,0.023984,0.175459,0.012707,0.011455,0.00861,0.036917,0.072245,0.004933,0.010944,0.227339
EnsResNet,2jzi.fw2.sasa.cif,A,108,VAL,LYS,0.005739,0.613299,6.7396474,0.00057,0.205439,0.000227,1.70E-05,0.001164,0.011589,0.000349,0,0.002681,0.017556,0.029506,0.613299,0.106998,0.001193,2.00E-06,0.000137,0.001967,0.000711,0.000856,0.005739
EnsResNet,2jzi.fw2.sasa.cif,A,109,MET,LEU,0.046255,0.939407,4.344069,0.000104,0.000167,1.90E-05,5.00E-06,0.000496,0.000105,2.60E-05,0,0.000123,0.008525,0.939407,0.00023,0.046255,0.00136,3.30E-05,2.30E-05,0.000218,0.000608,0.000687,0.00161
EnsResNet,2jzi.fw2.sasa.cif,A,110,THR,GLN,0.011757,0.762226,6.0186267,0.016125,0.018725,0.006381,0.001872,0.000937,0.762226,0.150993,0,0.002985,0.000106,0.002614,0.013954,0.002041,3.60E-05,1.00E-06,0.008655,0.011757,1.50E-05,0.00014,0.000438
EnsResNet,2jzi.fw2.sasa.cif,A,111,ASN,ALA,0.110723,0.395092,1.8352337,0.395092,0.020077,0.110723,0.092893,0.003371,0.040867,0.045535,0.001496,0.017438,0.000248,0.002634,0.019021,0.002427,0.001375,0.000714,0.232224,0.010631,0.001126,0.001484,0.000624
EnsResNet,2jzi.fw2.sasa.cif,A,112,LEU,MET,0.291536,0.408685,0.4873153,0.00027,0.006304,1.10E-05,1.00E-06,0.000559,7.80E-05,6.00E-06,0,0.000877,0.011917,0.291536,0.012171,0.408685,0.185343,3.70E-05,1.40E-05,0.000124,0.024396,0.056131,0.001538
EnsResNet,2jzi.fw2.sasa.cif,A,113,GLY,GLY,0.99999,0.99999,0,1.00E-06,0,0,0,0,0,0,0.99999,0,0,1.00E-06,1.00E-06,5.00E-06,0,0,1.00E-06,0,0,0,0
EnsResNet,2jzi.fw2.sasa.cif,A,114,GLU,HIS,0.114964,0.12408,0.110088505,0.023934,0.041206,0.079817,0.082046,0.002022,0.03953,0.114964,0.000314,0.12408,0.009086,0.013645,0.060085,0.004862,0.048435,0.038275,0.066942,0.111149,0.026513,0.088456,0.024639
EnsResNet,2jzi.fw2.sasa.cif,A,115,LYS,GLU,0.120264,0.192438,0.67818886,0.0278,0.061624,0.056073,0.043691,0.002406,0.115078,0.192438,0.000642,0.022648,0.031505,0.054625,0.120264,0.014565,0.005891,0.026403,0.056161,0.117348,0.001685,0.007052,0.042103
EnsResNet,2jzi.fw2.sasa.cif,A,116,LEU,MET,0.248259,0.28541,0.2011899,0.005247,0.048408,0.000827,0.000165,0.004065,0.0082,0.002781,2.00E-06,0.003164,0.197767,0.248259,0.037379,0.28541,0.019331,0.003361,0.001256,0.009765,0.023554,0.029865,0.071194
EnsResNet,2jzi.fw2.sasa.cif,A,117,THR,SER,0.26759,0.339397,0.3429498,0.025437,0.013906,0.033781,0.083215,0.001676,0.040572,0.141471,0.000246,0.007641,0.001328,0.00484,0.027983,0.001819,0.000472,0.003991,0.339397,0.26759,0.000146,0.000776,0.003713
EnsResNet,2jzi.fw2.sasa.cif,A,118,ASP,GLU,0.085856,0.32003,1.8982164,0.156319,0.041707,0.038061,0.085856,0.000662,0.100323,0.32003,0.00011,0.010005,0.003472,0.007469,0.100459,0.002019,0.001579,0.009832,0.076661,0.032126,0.000345,0.001672,0.011292
EnsResNet,2jzi.fw2.sasa.cif,A,119,GLU,GLU,0.30985,0.30985,0,0.123118,0.023196,0.036563,0.137709,0.000604,0.058532,0.30985,0.000146,0.009747,0.003167,0.00633,0.057358,0.001522,0.001261,0.005481,0.14691,0.066113,0.000352,0.001461,0.010582
EnsResNet,2jzi.fw2.sasa.cif,A,120,GLU,LYS,0.068444,0.256527,1.9061148,0.226667,0.1815,0.026739,0.016481,0.001044,0.127452,0.068444,2.90E-05,0.013948,0.001425,0.017703,0.256527,0.007221,0.002431,0.000246,0.036177,0.009207,0.000773,0.002996,0.002992
EnsResNet,2jzi.fw2.sasa.cif,A,121,VAL,ALA,0.007747,0.903651,6.865984,0.903651,0.00575,0.000245,0.000129,0.024728,0.002116,0.001059,5.00E-06,0.000429,0.000738,0.002639,0.012456,0.007281,0.000644,0.013546,0.012698,0.003314,0.000158,0.000667,0.007747
EnsResNet,2jzi.fw2.sasa.cif,A,122,ASP,GLU,0.039278,0.209372,2.4142752,0.065312,0.042583,0.04884,0.039278,0.00289,0.136591,0.209372,3.20E-05,0.014288,0.00287,0.008537,0.065973,0.00379,0.000976,0.000228,0.164677,0.182467,0.000214,0.001382,0.009699
EnsResNet,2jzi.fw2.sasa.cif,A,123,GLU,LYS,0.022733,0.374283,4.0412693,0.135388,0.20805,0.052688,0.014933,0.001464,0.0703,0.022733,4.10E-05,0.038147,0.000811,0.009132,0.374283,0.004937,0.003477,0.000234,0.050486,0.008452,0.000939,0.002386,0.001119
EnsResNet,2jzi.fw2.sasa.cif,A,124,MET,MET,0.749571,0.749571,0,0.000332,0.039805,4.40E-05,1.00E-06,0.001054,0.001733,1.60E-05,0,0.000435,0.001463,0.166798,0.036016,0.749571,0.000863,0,2.90E-05,0.000198,0.000619,0.000859,0.000166
EnsResNet,2jzi.fw2.sasa.cif,A,125,ILE,LEU,0.033529,0.781368,4.542521,4.70E-05,0.00064,3.00E-06,0,0.000645,3.40E-05,8.00E-06,0,2.00E-06,0.033529,0.781368,0.002456,0.0032,5.00E-06,3.90E-05,1.00E-06,0.003442,1.00E-06,2.00E-05,0.17456
EnsResNet,2jzi.fw2.sasa.cif,A,126,ARG,LYS,0.114711,0.344443,1.5862614,0.028705,0.114711,0.011431,0.005011,0.002716,0.073547,0.045756,7.00E-05,0.01407,0.024606,0.211087,0.344443,0.036434,0.012841,0.00288,0.010596,0.022725,0.004275,0.012185,0.021913
EnsResNet,2jzi.fw2.sasa.cif,A,127,GLU,ARG,0.014212,0.422183,4.892687,0.017747,0.422183,0.025036,0.00525,0.000696,0.038642,0.014212,4.00E-06,0.027987,0.004441,0.012986,0.383973,0.003915,0.003009,3.40E-05,0.010386,0.017825,0.001628,0.003974,0.00607
EnsResNet,2jzi.fw2.sasa.cif,A,128,ALA,CYS,0.065352,0.785597,3.587486,0.065352,0.000763,0.003004,0.000143,0.785597,0.004007,0.000858,4.00E-06,0.001144,0.001224,0.004856,0.000345,0.020315,0.000279,2.10E-05,0.011148,0.096012,3.00E-05,0.000398,0.0045
EnsResNet,2jzi.fw2.sasa.cif,A,129,ASP,ASP,0.644103,0.644103,0,0.002523,1.60E-05,0.301004,0.644103,0.00086,0.000308,0.002623,0.000115,0.000367,0,2.00E-06,6.00E-06,7.00E-06,2.00E-06,2.00E-06,0.047427,0.000621,9.00E-06,3.00E-06,2.00E-06
EnsResNet,2jzi.fw2.sasa.cif,A,130,ILE,LEU,0.068772,0.219253,1.6727033,0.017426,0.059683,0.01451,0.006138,0.002458,0.050894,0.02022,5.20E-05,0.065014,0.068772,0.219253,0.186146,0.04342,0.117056,0.00702,0.013174,0.033062,0.013408,0.031626,0.030669
EnsResNet,2jzi.fw2.sasa.cif,A,131,ASP,ASP,0.570416,0.570416,0,0.013686,0.003605,0.235609,0.570416,0.000634,0.020552,0.090332,6.20E-05,0.010583,0.000282,0.001443,0.004853,0.000442,0.0005,0.00014,0.034232,0.010773,0.000223,0.000743,0.000892
EnsResNet,2jzi.fw2.sasa.cif,A,132,GLY,GLY,1,1,0,0,0,0,0,0,0,0,1,0,0,0,0,0,0,0,0,0,0,0,0
EnsResNet,2jzi.fw2.sasa.cif,A,133,ASP,ASP,0.943909,0.943909,0,0.000111,7.00E-06,0.052138,0.943909,2.10E-05,8.90E-05,0.001854,1.50E-05,5.10E-05,0,4.00E-06,6.00E-06,2.00E-06,1.00E-06,2.00E-06,0.001622,0.000162,3.00E-06,1.00E-06,2.00E-06
EnsResNet,2jzi.fw2.sasa.cif,A,134,GLY,GLY,0.999992,0.999992,0,1.00E-06,0,0,0,0,0,0,0.999992,0,0,1.00E-06,0,4.00E-06,0,0,1.00E-06,0,0,0,0
EnsResNet,2jzi.fw2.sasa.cif,A,135,GLN,SER,0.051706,0.462084,3.1597514,0.048603,0.013163,0.049461,0.052581,0.00343,0.051706,0.127031,0.000102,0.011663,0.000544,0.001405,0.019013,0.000969,0.000365,0.00376,0.462084,0.15111,0.000114,0.000684,0.002211
EnsResNet,2jzi.fw2.sasa.cif,A,136,VAL,VAL,0.979358,0.979358,0,3.10E-05,1.50E-05,1.00E-06,0,0.00088,7.00E-06,1.00E-06,0,1.00E-06,0.014717,0.000123,1.60E-05,2.30E-05,1.00E-06,4.00E-06,1.00E-06,0.004817,0,3.00E-06,0.979358
EnsResNet,2jzi.fw2.sasa.cif,A,137,ASN,ASN,0.290506,0.290506,0,0.016972,0.01167,0.290506,0.152761,0.003178,0.015167,0.022885,2.60E-05,0.210187,0.000283,0.001065,0.01258,0.000641,0.004602,0.000837,0.164545,0.073577,0.002765,0.014299,0.001455
EnsResNet,2jzi.fw2.sasa.cif,A,138,TYR,LEU,0.105381,0.259308,1.299052,0.012289,0.04112,0.026847,0.007739,0.001742,0.115075,0.127786,4.00E-06,0.181883,0.009787,0.259308,0.026163,0.015014,0.036821,0.001158,0.010392,0.009373,0.008524,0.105381,0.003592
EnsResNet,2jzi.fw2.sasa.cif,A,139,GLU,GLU,0.320127,0.320127,0,0.019653,0.028627,0.06637,0.094331,0.002031,0.101939,0.320127,0.000442,0.044177,0.018297,0.066117,0.040891,0.007941,0.013284,0.014298,0.042569,0.074318,0.004639,0.020591,0.019356
EnsResNet,2jzi.fw2.sasa.cif,A,140,GLU,GLU,0.614996,0.614996,0,0.002786,0.000167,0.047363,0.28495,3.30E-05,0.039756,0.614996,0,0.002925,1.30E-05,5.40E-05,0.000148,1.60E-05,7.00E-06,1.00E-06,0.005576,0.001128,5.00E-06,2.10E-05,5.30E-05
EnsResNet,2jzi.fw2.sasa.cif,A,141,PHE,MET,0.000783,0.782607,9.96506,0.000137,0.000465,1.00E-06,0,0.000209,2.20E-05,0,0,4.00E-06,0.003313,0.21014,0.000436,0.782607,0.000783,6.00E-06,6.00E-06,0.000159,0.000563,0.00024,0.000909
EnsResNet,2jzi.fw2.sasa.cif,A,142,VAL,LEU,0.002851,0.502876,7.4625907,0.002938,0.061585,0.001271,0.000205,0.000638,0.007105,0.002686,1.00E-06,0.023661,0.009429,0.502876,0.094757,0.035655,0.088929,0.000913,0.000592,0.001098,0.01852,0.144289,0.002851
EnsResNet,2jzi.fw2.sasa.cif,A,143,GLN,ILE,0.118903,0.139574,0.23124506,0.019131,0.078783,0.01989,0.008185,0.002638,0.118903,0.119434,1.40E-05,0.020548,0.139574,0.134292,0.139202,0.01717,0.00878,0.00104,0.014036,0.054277,0.002675,0.012092,0.089336
EnsResNet,2jzi.fw2.sasa.cif,A,144,MET,LYS,0.013793,0.538803,5.28775,0.000678,0.335152,0.000433,3.10E-05,0.000703,0.014482,0.000954,0,0.00096,0.041429,0.016421,0.538803,0.013793,0.000186,3.30E-05,0.000167,0.003344,0.000227,0.000211,0.03199
EnsResNet,2jzi.fw2.sasa.cif,A,145,MET,LEU,0.270433,0.576094,1.0910329,0.003081,0.012048,0.000239,2.80E-05,0.001973,0.001444,0.00023,1.00E-06,0.004018,0.005808,0.576094,0.015345,0.270433,0.048521,6.30E-05,0.00028,0.000652,0.017672,0.039733,0.002337
EnsResNet,2jzi.fw2.sasa.cif,A,146,THR,LEU,0.022575,0.243911,3.433557,0.011093,0.079104,0.005749,0.002074,0.003194,0.023932,0.010346,5.10E-05,0.024688,0.086843,0.243911,0.235688,0.067342,0.077674,0.007954,0.005729,0.022575,0.017506,0.032753,0.041794
EnsResNet,2jzi.fw2.sasa.cif,A,147,ALA,LYS,0.221795,0.273911,0.30448043,0.221795,0.151463,0.035884,0.011486,0.005423,0.073087,0.038689,0.000117,0.045622,0.002616,0.024737,0.273911,0.012277,0.012148,0.000318,0.054355,0.01395,0.003841,0.013268,0.005012
EnsResNet,2jzi.fw2.sasa.cif,A,148,LYS,SER,0.1417,0.14824,0.065095104,0.0874,0.077742,0.064488,0.043903,0.003411,0.079661,0.111859,0.000384,0.027801,0.009665,0.017387,0.1417,0.007771,0.003793,0.005324,0.14824,0.139455,0.000892,0.004295,0.024828
EnsResNet,2jzi.fw2.sasa.cif,B,1,ALA,LYS,0.07716,0.118202,0.6153293,0.07716,0.059294,0.082286,0.065628,0.00463,0.060962,0.047518,0.011909,0.068807,0.008191,0.078928,0.118202,0.045824,0.040567,0.08277,0.069822,0.025822,0.013035,0.028077,0.010569
EnsResNet,2jzi.fw2.sasa.cif,B,2,ARG,MET,0.063836,0.30792,2.2701135,0.014593,0.063836,0.003156,0.000411,0.020099,0.039771,0.006309,1.70E-05,0.00572,0.02835,0.191993,0.080871,0.30792,0.006441,0.176546,0.004281,0.014977,0.003327,0.012159,0.019225
EnsResNet,2jzi.fw2.sasa.cif,B,3,LYS,TRP,0.008235,0.394093,5.5806236,0.00141,0.011955,0.000449,0.00011,0.000416,0.00194,0.0008,1.00E-06,0.007772,0.004,0.17668,0.008235,0.052097,0.154439,0.001766,0.000525,0.001689,0.394093,0.179486,0.002138
EnsResNet,2jzi.fw2.sasa.cif,B,4,GLU,ALA,0.208097,0.231487,0.15367511,0.231487,0.039248,0.018116,0.038133,0.001731,0.066467,0.208097,0.000774,0.011905,0.008163,0.025987,0.114009,0.007577,0.006972,0.121206,0.051667,0.018156,0.002189,0.005431,0.022684
EnsResNet,2jzi.fw2.sasa.cif,B,5,VAL,GLN,0.002177,0.145578,6.063307,0.094706,0.085474,0.112275,0.027618,0.012473,0.145578,0.049003,0.000411,0.107347,0.002222,0.079743,0.127398,0.048575,0.024995,0.00112,0.039222,0.009115,0.007435,0.023111,0.002177
EnsResNet,2jzi.fw2.sasa.cif,B,6,ILE,LEU,0.005916,0.539533,6.5109453,0.006979,0.009735,0.00948,0.00079,0.018252,0.043071,0.01148,7.00E-06,0.023207,0.005916,0.539533,0.007105,0.28221,0.010737,0.000122,0.004206,0.006756,0.002901,0.015708,0.001807
EnsResNet,2jzi.fw2.sasa.cif,B,7,ARG,TYR,0.009231,0.525124,5.8300276,0.004114,0.009231,0.002763,0.000474,0.001911,0.008653,0.00671,1.00E-06,0.028838,0.002376,0.111578,0.004219,0.060096,0.184302,0.000679,0.001772,0.003604,0.042119,0.525124,0.001437
EnsResNet,2jzi.fw2.sasa.cif,B,8,ASN,LYS,0.015871,0.390674,4.6215005,0.013594,0.206205,0.015871,0.003461,0.002962,0.045722,0.014857,8.00E-06,0.079887,0.024956,0.036784,0.390674,0.01699,0.041796,0.000477,0.00784,0.027265,0.017236,0.034689,0.018726
EnsResNet,2jzi.fw2.sasa.cif,B,9,LYS,MET,0.008346,0.609608,6.1906533,0.020751,0.009789,0.00028,5.60E-05,0.023526,0.004047,0.000304,1.00E-06,0.000322,0.011113,0.245057,0.008346,0.609608,0.001946,0.00018,0.001251,0.04031,0.000673,0.002367,0.020073
EnsResNet,2jzi.fw2.sasa.cif,B,10,ILE,CYS,0.002718,0.625263,7.8457737,0.046792,0.00195,0.001284,0.000124,0.625263,0.004689,0.001054,3.00E-06,0.000974,0.002718,0.006324,0.001282,0.039298,0.000484,0.000894,0.00619,0.233408,0.000116,0.000798,0.026356
EnsResNet,2jzi.fw2.sasa.cif,B,11,ARG,LYS,0.222194,0.331516,0.5772586,0.001473,0.222194,0.010014,0.000907,0.003143,0.031475,0.004156,0,0.133482,0.091458,0.04074,0.331516,0.023427,0.021762,4.00E-05,0.001687,0.022749,0.013245,0.021225,0.025308
EnsResNet,2jzi.fw2.sasa.cif,B,12,ALA,ARG,0.004758,0.314416,6.0461755,0.004758,0.314416,0.005983,0.000682,0.001939,0.013225,0.0014,8.00E-06,0.040366,0.002546,0.165175,0.264634,0.075552,0.026155,0.000133,0.001935,0.00163,0.050937,0.027721,0.000804
EnsResNet,2jzi.fw2.sasa.cif,B,13,ILE,ILE,0.866046,0.866046,0,5.00E-06,7.10E-05,0,0,0.000105,8.00E-06,0,0,1.60E-05,0.866046,0.05018,0.000189,0.057784,0.001602,5.00E-06,1.00E-06,9.10E-05,0.000332,0.000306,0.02326
EnsResNet,2jzi.fw2.sasa.cif,B,14,GLY,GLY,0.999985,0.999985,0,2.00E-06,0,0,0,0,0,0,0.999985,0,0,1.00E-06,0,5.00E-06,2.00E-06,2.00E-06,2.00E-06,1.00E-06,0,0,0
EnsResNet,2jzi.fw2.sasa.cif,B,15,LYS,ARG,0.260911,0.278066,0.091869704,0.016293,0.278066,0.018312,0.002573,0.003491,0.051981,0.006857,0.000121,0.018063,0.002081,0.210116,0.260911,0.087308,0.007767,0.001777,0.005642,0.002738,0.014301,0.010396,0.001207
EnsResNet,2jzi.fw2.sasa.cif,B,16,MET,ILE,0.07774,0.713136,3.1974483,0.000143,0.001075,1.50E-05,2.00E-06,0.000639,0.000322,4.30E-05,0,0.00012,0.713136,0.09069,0.001659,0.07774,0.001904,0.000538,2.40E-05,0.001289,0.001421,0.001072,0.108168
EnsResNet,2jzi.fw2.sasa.cif,B,17,ALA,TYR,0.015535,0.203883,3.7141473,0.015535,0.028886,0.020494,0.004689,0.007462,0.03682,0.019979,3.70E-05,0.175487,0.00786,0.161669,0.015706,0.063278,0.149228,0.000883,0.010073,0.011909,0.061578,0.203883,0.004544
EnsResNet,2jzi.fw2.sasa.cif,B,18,ARG,ARG,0.442461,0.442461,0,0.015916,0.442461,0.010576,0.002446,0.001649,0.027743,0.008157,8.30E-05,0.029089,0.024453,0.04519,0.195738,0.026576,0.017675,0.007224,0.007526,0.018577,0.072556,0.024387,0.021978
EnsResNet,2jzi.fw2.sasa.cif,B,19,VAL,ALA,0.001198,0.957895,9.643096,0.957895,0.000445,0.000244,6.30E-05,0.022549,0.000568,0.000305,1.00E-06,0.000501,5.50E-05,0.000108,0.000341,0.000866,0.000185,0.000262,0.012859,0.001099,7.60E-05,0.000379,0.001198
EnsResNet,2jzi.fw2.sasa.cif,B,20,PHE,PHE,0.73291,0.73291,0,0.000411,0.000607,1.70E-05,6.00E-06,0.000269,5.70E-05,5.00E-06,0,0.000991,0.001383,0.029742,0.001669,0.162374,0.73291,7.20E-05,3.20E-05,0.000149,0.037925,0.030935,0.000447
EnsResNet,2jzi.fw2.sasa.cif,B,21,SER,LYS,0.069173,0.166987,1.2714549,0.151299,0.120582,0.111802,0.088716,0.000709,0.090512,0.108313,4.10E-05,0.049642,0.001272,0.005599,0.166987,0.002031,0.003487,0.000923,0.069173,0.019026,0.001416,0.005238,0.003231
EnsResNet,2jzi.fw2.sasa.cif,B,22,VAL,ARG,0.000756,0.534609,9.465882,0.00152,0.534609,0.001486,0.000171,0.000359,0.009398,0.000461,0,0.003708,0.001467,0.020225,0.409561,0.011063,0.000794,1.20E-05,0.000623,0.001548,0.0015,0.000739,0.000756
EnsResNet,2jzi.fw2.sasa.cif,B,23,LEU,VAL,0.006725,0.914863,7.0878778,0.01315,0.000579,8.00E-06,1.00E-06,0.028096,0.000209,3.20E-05,0,0.000105,0.016783,0.006725,0.000991,0.004899,0.000336,0.000289,7.30E-05,0.011929,0.000121,0.000813,0.914863
EnsResNet,2jzi.fw2.sasa.cif,B,24,ARG,HIS,0.166126,0.175406,0.078420244,0.129757,0.166126,0.060456,0.013585,0.022422,0.068806,0.022554,0.000217,0.175406,0.002188,0.010362,0.096108,0.037158,0.033071,0.00077,0.045337,0.013988,0.041724,0.055203,0.004762
